refrigerant_key,temperature_key,state_key,pressure_bar,pressure_psi
1,1,1,0.3322,4.82
1,1,2,0.3322,4.82
1,2,1,0.4334,6.29
1,2,2,0.4334,6.29
1,3,1,0.5614,8.14
1,3,2,0.5614,8.14
1,4,1,0.7196,10.44
1,4,2,0.7196,10.44
1,5,1,0.9129,13.24
1,5,2,0.9129,13.24
1,6,1,1.1469,16.63
1,6,2,1.1469,16.63
1,7,1,1.4273,20.7
1,7,2,1.4273,20.7
1,8,1,1.7604,25.53
1,8,2,1.7604,25.53
1,9,1,2.1526,31.22
1,9,2,2.1526,31.22
1,10,1,2.6105,37.86
1,10,2,2.6105,37.86
1,11,1,3.1406,45.55
1,11,2,3.1406,45.55
1,12,1,3.7496,54.38
1,12,2,3.7496,54.38
1,13,1,4.4437,64.45
1,13,2,4.4437,64.45
1,14,1,5.2291,75.84
1,14,2,5.2291,75.84
1,15,1,6.1115,88.64
1,15,2,6.1115,88.64
1,16,1,7.0959,102.92
1,16,2,7.0959,102.92
1,17,1,8.187,118.74
1,17,2,8.187,118.74
1,18,1,9.3885,136.17
1,18,2,9.3885,136.17
1,19,1,10.7035,155.24
1,19,2,10.7035,155.24
1,20,1,12.1344,175.99
1,20,2,12.1344,175.99
1,21,1,13.6825,198.45
1,21,2,13.6825,198.45
1,22,1,15.3487,222.61
1,22,2,15.3487,222.61
1,23,1,17.1328,248.49
1,23,2,17.1328,248.49
1,24,1,19.0344,276.07
1,24,2,19.0344,276.07
1,25,1,21.0524,305.34
1,25,2,21.0524,305.34
2,1,1,0.1671,2.42
2,1,2,0.1671,2.42
2,2,1,0.2188,3.17
2,2,2,0.2188,3.17
2,3,1,0.2833,4.11
2,3,2,0.2833,4.11
2,4,1,0.3627,5.26
2,4,2,0.3627,5.26
2,5,1,0.4597,6.67
2,5,2,0.4597,6.67
2,6,1,0.5829,8.45
2,6,2,0.5829,8.45
2,7,1,0.7356,10.67
2,7,2,0.7356,10.67
2,8,1,0.92,13.34
2,8,2,0.92,13.34
2,9,1,1.1409,16.55
2,9,2,1.1409,16.55
2,10,1,1.4034,20.35
2,10,2,1.4034,20.35
2,11,1,1.7128,24.84
2,11,2,1.7128,24.84
2,12,1,2.0747,30.09
2,12,2,2.0747,30.09
2,13,1,2.4949,36.18
2,13,2,2.4949,36.18
2,14,1,2.9792,43.21
2,14,2,2.9792,43.21
2,15,1,3.5337,51.25
2,15,2,3.5337,51.25
2,16,1,4.1643,60.4
2,16,2,4.1643,60.4
2,17,1,4.8766,70.73
2,17,2,4.8766,70.73
2,18,1,5.6763,82.33
2,18,2,5.6763,82.33
2,19,1,6.5685,95.27
2,19,2,6.5685,95.27
2,20,1,7.5581,109.62
2,20,2,7.5581,109.62
2,21,1,8.6494,125.45
2,21,2,8.6494,125.45
2,22,1,9.8461,142.81
2,22,2,9.8461,142.81
2,23,1,11.1515,161.74
2,23,2,11.1515,161.74
2,24,1,12.5681,182.29
2,24,2,12.5681,182.29
2,25,1,14.0976,204.47
2,25,2,14.0976,204.47
3,1,1,0.7014,10.17
3,1,2,0.7014,10.17
3,2,1,0.9042,13.11
3,2,2,0.9042,13.11
3,3,1,1.1533,16.73
3,3,2,1.1533,16.73
3,4,1,1.456,21.12
3,4,2,1.456,21.12
3,5,1,1.8203,26.4
3,5,2,1.8203,26.4
3,6,1,2.2548,32.7
3,6,2,2.2548,32.7
3,7,1,2.7681,40.15
3,7,2,2.7681,40.15
3,8,1,3.3693,48.87
3,8,2,3.3693,48.87
3,9,1,4.0675,58.99
3,9,2,4.0675,58.99
3,10,1,4.8717,70.66
3,10,2,4.8717,70.66
3,11,1,5.7907,83.99
3,11,2,5.7907,83.99
3,12,1,6.8329,99.1
3,12,2,6.8329,99.1
3,13,1,8.006,116.12
3,13,2,8.006,116.12
3,14,1,9.3172,135.13
3,14,2,9.3172,135.13
3,15,1,10.7725,156.24
3,15,2,10.7725,156.24
3,16,1,12.3771,179.51
3,16,2,12.3771,179.51
3,17,1,14.135,205.01
3,17,2,14.135,205.01
3,18,1,16.0489,232.77
3,18,2,16.0489,232.77
3,19,1,18.1206,262.82
3,19,2,18.1206,262.82
3,20,1,20.3502,295.16
3,20,2,20.3502,295.16
3,21,1,22.7372,329.78
3,21,2,22.7372,329.78
3,22,1,25.2797,366.65
3,22,2,25.2797,366.65
3,23,1,27.975,405.74
3,23,2,27.975,405.74
3,24,1,30.8199,447.01
3,24,2,30.8199,447.01
3,25,1,33.8108,490.38
3,25,2,33.8108,490.38
4,1,1,0.3777,5.48
4,1,2,0.3777,5.48
4,2,1,0.4902,7.11
4,2,2,0.4902,7.11
4,3,1,0.6329,9.18
4,3,2,0.6329,9.18
4,4,1,0.8158,11.83
4,4,2,0.8158,11.83
4,5,1,1.0409,15.1
4,5,2,1.0409,15.1
4,6,1,1.3151,19.07
4,6,2,1.3151,19.07
4,7,1,1.6459,23.87
4,7,2,1.6459,23.87
4,8,1,2.0417,29.61
4,8,2,2.0417,29.61
4,9,1,2.5108,36.42
4,9,2,2.5108,36.42
4,10,1,3.0623,44.42
4,10,2,3.0623,44.42
4,11,1,3.7054,53.74
4,11,2,3.7054,53.74
4,12,1,4.4493,64.53
4,12,2,4.4493,64.53
4,13,1,5.3035,76.92
4,13,2,5.3035,76.92
4,14,1,6.2769,91.04
4,14,2,6.2769,91.04
4,15,1,7.3784,107.01
4,15,2,7.3784,107.01
4,16,1,8.6163,124.97
4,16,2,8.6163,124.97
4,17,1,9.9983,145.01
4,17,2,9.9983,145.01
4,18,1,11.5312,167.25
4,18,2,11.5312,167.25
4,19,1,13.221,191.76
4,19,2,13.221,191.76
4,20,1,15.0728,218.61
4,20,2,15.0728,218.61
4,21,1,17.0904,247.88
4,21,2,17.0904,247.88
4,22,1,19.2767,279.59
4,22,2,19.2767,279.59
4,23,1,21.6334,313.77
4,23,2,21.6334,313.77
4,24,1,24.161,350.43
4,24,2,24.161,350.43
4,25,1,26.8595,389.56
4,25,2,26.8595,389.56
5,1,1,0.4365,6.33
5,1,2,0.3929,5.7
5,2,1,0.5634,8.17
5,2,2,0.5094,7.39
5,3,1,0.7291,10.57
5,3,2,0.6581,9.54
5,4,1,0.9352,13.56
5,4,2,0.8476,12.29
5,5,1,1.1874,17.22
5,5,2,1.0805,15.67
5,6,1,1.4931,21.66
5,6,2,1.3639,19.78
5,7,1,1.8601,26.98
5,7,2,1.7054,24.74
5,8,1,2.2969,33.31
5,8,2,2.1133,30.65
5,9,1,2.8123,40.79
5,9,2,2.5961,37.65
5,10,1,3.4151,49.53
5,10,2,3.1629,45.87
5,11,1,4.1146,59.68
5,11,2,3.8226,55.44
5,12,1,4.9201,71.36
5,12,2,4.5846,66.49
5,13,1,5.8404,84.71
5,13,2,5.4579,79.16
5,14,1,6.8844,99.85
5,14,2,6.4514,93.57
5,15,1,8.0603,116.9
5,15,2,7.5736,109.85
5,16,1,9.3757,135.98
5,16,2,8.8323,128.1
5,17,1,10.8376,157.19
5,17,2,10.2349,148.44
5,18,1,12.4519,180.6
5,18,2,11.7875,170.96
5,19,1,14.2236,206.3
5,19,2,13.4957,195.74
5,20,1,16.1565,234.33
5,20,2,15.3638,222.83
5,21,1,18.2536,264.75
5,21,2,17.395,252.29
5,22,1,20.5165,297.57
5,22,2,19.5914,284.15
5,23,1,22.9457,332.8
5,23,2,21.954,318.42
5,24,1,25.5408,370.44
5,24,2,24.4829,355.1
5,25,1,28.3007,410.47
5,25,2,27.1771,394.17
6,1,1,0.4785,6.94
6,1,2,0.4311,6.25
6,2,1,0.6188,8.98
6,2,2,0.5578,8.09
6,3,1,0.8006,11.61
6,3,2,0.7232,10.49
6,4,1,1.025,14.87
6,4,2,0.9297,13.48
6,5,1,1.2989,18.84
6,5,2,1.1829,17.16
6,6,1,1.6303,23.65
6,6,2,1.4903,21.62
6,7,1,2.0273,29.4
6,7,2,1.8601,26.98
6,8,1,2.4987,36.24
6,8,2,2.3006,33.37
6,9,1,3.0536,44.29
6,9,2,2.8211,40.92
6,10,1,3.7014,53.68
6,10,2,3.4305,49.76
6,11,1,4.4513,64.56
6,11,2,4.1385,60.02
6,12,1,5.3129,77.06
6,12,2,4.9543,71.86
6,13,1,6.2952,91.3
6,13,2,5.8872,85.39
6,14,1,7.407,107.43
6,14,2,6.9462,100.75
6,15,1,8.6565,125.55
6,15,2,8.1397,118.06
6,16,1,10.0511,145.78
6,16,2,9.4754,137.43
6,17,1,11.5975,168.21
6,17,2,10.9603,158.97
6,18,1,13.3013,192.92
6,18,2,12.6005,182.76
6,19,1,15.1671,219.98
6,19,2,14.4011,208.87
6,20,1,17.1984,249.44
6,20,2,16.3659,237.37
6,21,1,19.3974,281.34
6,21,2,18.4976,268.29
6,22,1,21.7653,315.68
6,22,2,20.7978,301.65
6,23,1,24.3021,352.47
6,23,2,23.2671,337.46
6,24,1,27.007,391.7
6,24,2,25.9049,375.72
6,25,1,29.8782,433.35
6,25,2,28.7099,416.4
7,1,1,0.4739,6.87
7,1,2,0.4269,6.19
7,2,1,0.6106,8.86
7,2,2,0.5525,8.01
7,3,1,0.7868,11.41
7,3,2,0.7106,10.31
7,4,1,1.0075,14.61
7,4,2,0.9138,13.25
7,5,1,1.2773,18.53
7,5,2,1.163,16.87
7,6,1,1.6038,23.26
7,6,2,1.4658,21.26
7,7,1,1.9954,28.94
7,7,2,1.8304,26.55
7,8,1,2.4608,35.69
7,8,2,2.2652,32.85
7,9,1,3.0092,43.65
7,9,2,2.7793,40.31
7,10,1,3.6502,52.94
7,10,2,3.3821,49.05
7,11,1,4.3932,63.72
7,11,2,4.0831,59.22
7,12,1,5.248,76.12
7,12,2,4.892,70.95
7,13,1,6.2239,90.27
7,13,2,5.8184,84.39
7,14,1,7.33,106.31
7,14,2,6.8713,99.66
7,15,1,8.575,124.37
7,15,2,8.0598,116.9
7,16,1,9.9668,144.56
7,16,2,9.392,136.22
7,17,1,11.5126,166.98
7,17,2,10.8754,157.73
7,18,1,13.2185,191.72
7,18,2,12.5166,181.54
7,19,1,15.0897,218.86
7,19,2,14.3211,207.71
7,20,1,17.1302,248.45
7,20,2,16.2935,236.32
7,21,1,19.3428,280.54
7,21,2,18.437,267.41
7,22,1,21.729,315.15
7,22,2,20.7536,301.01
7,23,1,24.2895,352.29
7,23,2,23.2444,337.13
7,24,1,27.0235,391.94
7,24,2,25.9091,375.78
7,25,1,29.9295,434.09
7,25,2,28.7466,416.93
8,1,1,0.4956,7.19
8,1,2,0.4478,6.49
8,2,1,0.6407,9.29
8,2,2,0.5778,8.38
8,3,1,0.8231,11.94
8,3,2,0.7456,10.81
8,4,1,1.0466,15.18
8,4,2,0.9519,13.81
8,5,1,1.3175,19.11
8,5,2,1.203,17.45
8,6,1,1.643,23.83
8,6,2,1.5058,21.84
8,7,1,2.0303,29.45
8,7,2,1.8675,27.09
8,8,1,2.4871,36.07
8,8,2,2.2956,33.29
8,9,1,3.0214,43.82
8,9,2,2.7979,40.58
8,10,1,3.641,52.81
8,10,2,3.3824,49.06
8,11,1,4.3538,63.15
8,11,2,4.057,58.84
8,12,1,5.1677,74.95
8,12,2,4.8296,70.05
8,13,1,6.0899,88.33
8,13,2,5.7075,82.78
8,14,1,7.1273,103.37
8,14,2,6.6981,97.15
8,15,1,8.2862,120.18
8,15,2,7.8077,113.24
8,16,1,9.5722,138.83
8,16,2,9.0422,131.15
8,17,1,10.9898,159.39
8,17,2,10.4067,150.94
8,18,1,12.5429,181.92
8,18,2,11.9053,172.67
8,19,1,14.2342,206.45
8,19,2,13.541,196.4
8,20,1,16.0653,233.01
8,20,2,15.316,222.14
8,21,1,18.0369,261.6
8,21,2,17.2314,249.92
8,22,1,20.1488,292.23
8,22,2,19.2873,279.74
8,23,1,22.3999,324.88
8,23,2,21.4829,311.58
8,24,1,24.7883,359.53
8,24,2,23.8166,345.43
8,25,1,27.3117,396.12
8,25,2,26.2863,381.25
9,1,1,0.3702,5.37
9,1,2,0.3336,4.84
9,2,1,0.4819,6.99
9,2,2,0.4336,6.29
9,3,1,0.6229,9.04
9,3,2,0.5629,8.16
9,4,1,0.7967,11.56
9,4,2,0.7229,10.49
9,5,1,1.0086,14.63
9,5,2,0.9189,13.33
9,6,1,1.2645,18.34
9,6,2,1.1565,16.77
9,7,1,1.5707,22.78
9,7,2,1.4418,20.91
9,8,1,1.9337,28.05
9,8,2,1.7812,25.83
9,9,1,2.3602,34.23
9,9,2,2.1815,31.64
9,10,1,2.8572,41.44
9,10,2,2.6495,38.43
9,11,1,3.4317,49.77
9,11,2,3.1922,46.3
9,12,1,4.0904,59.33
9,12,2,3.8164,55.35
9,13,1,4.84,70.2
9,13,2,4.5289,65.69
9,14,1,5.6868,82.48
9,14,2,5.3361,77.39
9,15,1,6.6366,96.26
9,15,2,6.244,90.56
9,16,1,7.6947,111.6
9,16,2,7.2582,105.27
9,17,1,8.8656,128.58
9,17,2,8.3834,121.59
9,18,1,10.153,147.26
9,18,2,9.6238,139.58
9,19,1,11.5601,167.67
9,19,2,10.9828,159.29
9,20,1,13.089,189.84
9,20,2,12.4627,180.76
9,21,1,14.7408,213.8
9,21,2,14.0653,204.0
9,22,1,16.5162,239.55
9,22,2,15.7912,229.03
9,23,1,18.4149,267.09
9,23,2,17.6407,255.86
9,24,1,20.4359,296.4
9,24,2,19.6129,284.46
9,25,1,22.5779,327.47
9,25,2,21.7067,314.83
10,1,1,0.4406,6.39
10,1,2,0.3977,5.77
10,2,1,0.5738,8.32
10,2,2,0.517,7.5
10,3,1,0.7389,10.72
10,3,2,0.6687,9.7
10,4,1,0.9417,13.66
10,4,2,0.8557,12.41
10,5,1,1.188,17.23
10,5,2,1.0838,15.72
10,6,1,1.4844,21.53
10,6,2,1.3594,19.72
10,7,1,1.8377,26.65
10,7,2,1.6891,24.5
10,8,1,2.2551,32.71
10,8,2,2.08,30.17
10,9,1,2.7438,39.8
10,9,2,2.5393,36.83
10,10,1,3.3114,48.03
10,10,2,3.0745,44.59
10,11,1,3.9652,57.51
10,11,2,3.6929,53.56
10,12,1,4.7124,68.35
10,12,2,4.4019,63.84
10,13,1,5.5599,80.64
10,13,2,5.2084,75.54
10,14,1,6.5142,94.48
10,14,2,6.1193,88.75
10,15,1,7.5811,109.95
10,15,2,7.1404,103.56
10,16,1,8.7658,127.14
10,16,2,8.2775,120.05
10,17,1,10.0727,146.09
10,17,2,9.535,138.29
10,18,1,11.5055,166.87
10,18,2,10.9171,158.34
10,19,1,13.0666,189.52
10,19,2,12.4266,180.23
10,20,1,14.7578,214.04
10,20,2,14.0656,204.0
10,21,1,16.5798,240.47
10,21,2,15.8353,229.67
10,22,1,18.5326,268.79
10,22,2,17.7359,257.24
10,23,1,20.6154,299.0
10,23,2,19.7668,286.69
10,24,1,22.8266,331.07
10,24,2,21.9268,318.02
10,25,1,25.1644,364.98
10,25,2,24.2142,351.2
11,1,1,0.0987,1.43
11,1,2,0.0987,1.43
11,2,1,0.1307,1.9
11,2,2,0.1307,1.9
11,3,1,0.1711,2.48
11,3,2,0.1711,2.48
11,4,1,0.2214,3.21
11,4,2,0.2214,3.21
11,5,1,0.2834,4.11
11,5,2,0.2834,4.11
11,6,1,0.3593,5.21
11,6,2,0.3593,5.21
11,7,1,0.4513,6.55
11,7,2,0.4513,6.55
11,8,1,0.5666,8.22
11,8,2,0.5666,8.22
11,9,1,0.709,10.28
11,9,2,0.709,10.28
11,10,1,0.88,12.76
11,10,2,0.88,12.76
11,11,1,1.0837,15.72
11,11,2,1.0837,15.72
11,12,1,1.3244,19.21
11,12,2,1.3244,19.21
11,13,1,1.6068,23.3
11,13,2,1.6068,23.3
11,14,1,1.9357,28.08
11,14,2,1.9357,28.08
11,15,1,2.3164,33.6
11,15,2,2.3164,33.6
11,16,1,2.7538,39.94
11,16,2,2.7538,39.94
11,17,1,3.2532,47.18
11,17,2,3.2532,47.18
11,18,1,3.8199,55.4
11,18,2,3.8199,55.4
11,19,1,4.459,64.67
11,19,2,4.459,64.67
11,20,1,5.1754,75.06
11,20,2,5.1754,75.06
11,21,1,5.9741,86.65
11,21,2,5.9741,86.65
11,22,1,6.8593,99.49
11,22,2,6.8593,99.49
11,23,1,7.8353,113.64
11,23,2,7.8353,113.64
11,24,1,8.9058,129.17
11,24,2,8.9058,129.17
11,25,1,10.0738,146.11
11,25,2,10.0738,146.11
12,1,1,0.3983,5.78
12,1,2,0.3983,5.78
12,2,1,0.5164,7.49
12,2,2,0.5164,7.49
12,3,1,0.6624,9.61
12,3,2,0.6624,9.61
12,4,1,0.8407,12.19
12,4,2,0.8407,12.19
12,5,1,1.0564,15.32
12,5,2,1.0564,15.32
12,6,1,1.3148,19.07
12,6,2,1.3148,19.07
12,7,1,1.6215,23.52
12,7,2,1.6215,23.52
12,8,1,1.9823,28.75
12,8,2,1.9823,28.75
12,9,1,2.403,34.85
12,9,2,2.403,34.85
12,10,1,2.8895,41.91
12,10,2,2.8895,41.91
12,11,1,3.4475,50.0
12,11,2,3.4475,50.0
12,12,1,4.0825,59.21
12,12,2,4.0825,59.21
12,13,1,4.7998,69.62
12,13,2,4.7998,69.62
12,14,1,5.6041,81.28
12,14,2,5.6041,81.28
12,15,1,6.4996,94.27
12,15,2,6.4996,94.27
12,16,1,7.4899,108.63
12,16,2,7.4899,108.63
12,17,1,8.578,124.41
12,17,2,8.578,124.41
12,18,1,9.7661,141.65
12,18,2,9.7661,141.65
12,19,1,11.0556,160.35
12,19,2,11.0556,160.35
12,20,1,12.4473,180.53
12,20,2,12.4473,180.53
12,21,1,13.941,202.2
12,21,2,13.941,202.2
12,22,1,15.5361,225.33
12,22,2,15.5361,225.33
12,23,1,17.2316,249.92
12,23,2,17.2316,249.92
12,24,1,19.0258,275.95
12,24,2,19.0258,275.95
12,25,1,20.9171,303.38
12,25,2,20.9171,303.38
13,1,1,0.3954,5.73
13,1,2,0.3565,5.17
13,2,1,0.5129,7.44
13,2,2,0.4617,6.7
13,3,1,0.6621,9.6
13,3,2,0.5986,8.68
13,4,1,0.8457,12.27
13,4,2,0.7678,11.14
13,5,1,1.0694,15.51
13,5,2,0.9747,14.14
13,6,1,1.3392,19.42
13,6,2,1.2253,17.77
13,7,1,1.6616,24.1
13,7,2,1.5259,22.13
13,8,1,2.0436,29.64
13,8,2,1.8832,27.31
13,9,1,2.492,36.14
13,9,2,2.3042,33.42
13,10,1,3.0141,43.72
13,10,2,2.796,40.55
13,11,1,3.6171,52.46
13,11,2,3.3658,48.82
13,12,1,4.3081,62.48
13,12,2,4.0207,58.32
13,13,1,5.094,73.88
13,13,2,4.7678,69.15
13,14,1,5.9812,86.75
13,14,2,5.6137,81.42
13,15,1,6.9757,101.17
13,15,2,6.5646,95.21
13,16,1,8.083,117.23
13,16,2,7.6262,110.61
13,17,1,9.3077,135.0
13,17,2,8.8034,127.68
13,18,1,10.6538,154.52
13,18,2,10.1006,146.5
13,19,1,12.1243,175.85
13,19,2,11.521,167.1
13,20,1,13.7213,199.01
13,20,2,13.0672,189.52
13,21,1,15.4461,224.03
13,21,2,14.7408,213.8
13,22,1,17.2991,250.9
13,22,2,16.5425,239.93
13,23,1,19.2799,279.63
13,23,2,18.4723,267.92
13,24,1,21.3875,310.2
13,24,2,20.5294,297.75
13,25,1,23.6202,342.58
13,25,2,22.7122,329.41
14,1,1,0.6069,8.8
14,1,2,0.5458,7.92
14,2,1,0.7851,11.39
14,2,2,0.7092,10.29
14,3,1,1.0043,14.57
14,3,2,0.9113,13.22
14,4,1,1.2715,18.44
14,4,2,1.1584,16.8
14,5,1,1.5935,23.11
14,5,2,1.4576,21.14
14,6,1,1.9781,28.69
14,6,2,1.8163,26.34
14,7,1,2.4331,35.29
14,7,2,2.2421,32.52
14,8,1,2.9663,43.02
14,8,2,2.7431,39.79
14,9,1,3.586,52.01
14,9,2,3.3272,48.26
14,10,1,4.2999,62.37
14,10,2,4.0025,58.05
14,11,1,5.1159,74.2
14,11,2,4.7768,69.28
14,12,1,6.0411,87.62
14,12,2,5.6575,82.05
14,13,1,7.0823,102.72
14,13,2,6.6515,96.47
14,14,1,8.2454,119.59
14,14,2,7.7652,112.62
14,15,1,9.5356,138.3
14,15,2,9.004,130.59
14,16,1,10.9572,158.92
14,16,2,10.3726,150.44
14,17,1,12.5133,181.49
14,17,2,11.8746,172.23
14,18,1,14.2062,206.04
14,18,2,13.5125,195.98
14,19,1,16.037,232.6
14,19,2,15.2881,221.74
14,20,1,18.0058,261.15
14,20,2,17.2017,249.49
14,21,1,20.1121,291.7
14,21,2,19.2532,279.24
14,22,1,22.3543,324.22
14,22,2,21.4412,310.98
14,23,1,24.7306,358.69
14,23,2,23.7641,344.67
14,24,1,27.2386,395.06
14,24,2,26.2198,380.29
14,25,1,29.8763,433.32
14,25,2,28.8058,417.79
15,1,1,0.3824,5.55
15,1,2,0.3824,5.55
15,2,1,0.4996,7.25
15,2,2,0.4996,7.25
15,3,1,0.6453,9.36
15,3,2,0.6453,9.36
15,4,1,0.8247,11.96
15,4,2,0.8247,11.96
15,5,1,1.0432,15.13
15,5,2,1.0432,15.13
15,6,1,1.3068,18.95
15,6,2,1.3068,18.95
15,7,1,1.6216,23.52
15,7,2,1.6216,23.52
15,8,1,1.9943,28.93
15,8,2,1.9943,28.93
15,9,1,2.4316,35.27
15,9,2,2.4316,35.27
15,10,1,2.9404,42.65
15,10,2,2.9404,42.65
15,11,1,3.5274,51.16
15,11,2,3.5274,51.16
15,12,1,4.1994,60.91
15,12,2,4.1994,60.91
15,13,1,4.9626,71.98
15,13,2,4.9626,71.98
15,14,1,5.8233,84.46
15,14,2,5.8233,84.46
15,15,1,6.7867,98.43
15,15,2,6.7867,98.43
15,16,1,7.8579,113.97
15,16,2,7.8579,113.97
15,17,1,9.041,131.13
15,17,2,9.041,131.13
15,18,1,10.3394,149.96
15,18,2,10.3394,149.96
15,19,1,11.7557,170.5
15,19,2,11.7557,170.5
15,20,1,13.2916,192.78
15,20,2,13.2916,192.78
15,21,1,14.948,216.8
15,21,2,14.948,216.8
15,22,1,16.7251,242.58
15,22,2,16.7251,242.58
15,23,1,18.6224,270.1
15,23,2,18.6224,270.1
15,24,1,20.639,299.34
15,24,2,20.639,299.34
15,25,1,22.7734,330.3
15,25,2,22.7734,330.3
16,1,1,0.6525,9.46
16,1,2,0.6525,9.46
16,2,1,0.848,12.3
16,2,2,0.848,12.3
16,3,1,1.09,15.81
16,3,2,1.09,15.81
16,4,1,1.3865,20.11
16,4,2,1.3865,20.11
16,5,1,1.7459,25.32
16,5,2,1.7459,25.32
16,6,1,2.1774,31.58
16,6,2,2.1774,31.58
16,7,1,2.6908,39.03
16,7,2,2.6908,39.03
16,8,1,3.2959,47.8
16,8,2,3.2959,47.8
16,9,1,4.003,58.06
16,9,2,4.003,58.06
16,10,1,4.8224,69.94
16,10,2,4.8224,69.94
16,11,1,5.7642,83.6
16,11,2,5.7642,83.6
16,12,1,6.8382,99.18
16,12,2,6.8382,99.18
16,13,1,8.0538,116.81
16,13,2,8.0538,116.81
16,14,1,9.4195,136.62
16,14,2,9.4195,136.62
16,15,1,10.9432,158.72
16,15,2,10.9432,158.72
16,16,1,12.6316,183.21
16,16,2,12.6316,183.21
16,17,1,14.4902,210.16
16,17,2,14.4902,210.16
16,18,1,16.5234,239.65
16,18,2,16.5234,239.65
16,19,1,18.7342,271.72
16,19,2,18.7342,271.72
16,20,1,21.1243,306.38
16,20,2,21.1243,306.38
16,21,1,23.6944,343.66
16,21,2,23.6944,343.66
16,22,1,26.4436,383.53
16,22,2,26.4436,383.53
16,23,1,29.3705,425.98
16,23,2,29.3705,425.98
16,24,1,32.4727,470.98
16,24,2,32.4727,470.98
16,25,1,35.7473,518.47
16,25,2,35.7473,518.47
17,1,1,1.1416,16.56
17,1,2,1.0325,14.97
17,2,1,1.456,21.12
17,2,2,1.3228,19.19
17,3,1,1.837,26.64
17,3,2,1.676,24.31
17,4,1,2.2937,33.27
17,4,2,2.1013,30.48
17,5,1,2.8357,41.13
17,5,2,2.608,37.83
17,6,1,3.4726,50.37
17,6,2,3.2058,46.5
17,7,1,4.214,61.12
17,7,2,3.9043,56.63
17,8,1,5.0692,73.52
17,8,2,4.7129,68.35
17,9,1,6.047,87.71
17,9,2,5.6406,81.81
17,10,1,7.1558,103.79
17,10,2,6.6961,97.12
17,11,1,8.4027,121.87
17,11,2,7.8869,114.39
17,12,1,9.7941,142.05
17,12,2,9.2198,133.72
17,13,1,11.3351,164.4
17,13,2,10.7004,155.2
17,14,1,13.0295,188.98
17,14,2,12.3331,178.88
17,15,1,14.8799,215.82
17,15,2,14.1209,204.81
17,16,1,16.8876,244.93
17,16,2,16.0656,233.01
17,17,1,19.0524,276.33
17,17,2,18.1676,263.5
17,18,1,21.3733,309.99
17,18,2,20.4263,296.26
17,19,1,23.8482,345.89
17,19,2,22.8399,331.27
17,20,1,26.4746,383.98
17,20,2,25.406,368.48
17,21,1,29.2494,424.23
17,21,2,28.1219,407.87
17,22,1,32.17,466.59
17,22,2,30.9845,449.39
17,23,1,35.234,511.03
17,23,2,33.9913,493.0
17,24,1,38.4403,557.53
17,24,2,37.1407,538.68
17,25,1,41.7893,606.1
17,25,2,40.4325,586.42
18,1,1,0.9053,13.13
18,1,2,0.817,11.85
18,2,1,1.1605,16.83
18,2,2,1.0522,15.26
18,3,1,1.4714,21.34
18,3,2,1.3399,19.43
18,4,1,1.8459,26.77
18,4,2,1.6879,24.48
18,5,1,2.2925,33.25
18,5,2,2.1047,30.53
18,6,1,2.8198,40.9
18,6,2,2.5986,37.69
18,7,1,3.4363,49.84
18,7,2,3.1784,46.1
18,8,1,4.1506,60.2
18,8,2,3.8526,55.88
18,9,1,4.9709,72.1
18,9,2,4.6296,67.15
18,10,1,5.9048,85.64
18,10,2,5.5171,80.02
18,11,1,6.9594,100.94
18,11,2,6.5226,94.6
18,12,1,8.1408,118.07
18,12,2,7.6527,110.99
18,13,1,9.4544,137.12
18,13,2,8.9128,129.27
18,14,1,10.9042,158.15
18,14,2,10.3077,149.5
18,15,1,12.4932,181.2
18,15,2,11.8407,171.74
18,16,1,14.2235,206.3
18,16,2,13.5144,196.01
18,17,1,16.0959,233.45
18,17,2,15.3299,222.34
18,18,1,18.11,262.66
18,18,2,17.2874,250.73
18,19,1,20.2649,293.92
18,19,2,19.3862,281.17
18,20,1,22.559,327.19
18,20,2,21.6248,313.64
18,21,1,24.9903,362.45
18,21,2,24.0014,348.11
18,22,1,27.5567,399.68
18,22,2,26.514,384.55
18,23,1,30.2568,438.84
18,23,2,29.1608,422.94
18,24,1,33.0896,479.93
18,24,2,31.9405,463.26
18,25,1,36.0558,522.95
18,25,2,34.8532,505.5
19,1,1,0.7758,11.25
19,1,2,0.5962,8.65
19,2,1,0.9981,14.48
19,2,2,0.7758,11.25
19,3,1,1.2703,18.42
19,3,2,0.9981,14.48
19,4,1,1.6001,23.21
19,4,2,1.2703,18.42
19,5,1,1.9956,28.94
19,5,2,1.6001,23.21
19,6,1,2.4654,35.76
19,6,2,1.9956,28.94
19,7,1,3.0184,43.78
19,7,2,2.4654,35.76
19,8,1,3.6633,53.13
19,8,2,3.0184,43.78
19,9,1,4.4089,63.95
19,9,2,3.6633,53.13
19,10,1,5.2639,76.35
19,10,2,4.4089,63.95
19,11,1,6.2363,90.45
19,11,2,5.2639,76.35
19,12,1,7.3337,106.37
19,12,2,6.2363,90.45
19,13,1,8.5629,124.19
19,13,2,7.3337,106.37
19,14,1,9.9298,144.02
19,14,2,8.5629,124.19
19,15,1,11.4392,165.91
19,15,2,9.9298,144.02
19,16,1,13.0948,189.93
19,16,2,11.4392,165.91
19,17,1,14.8993,216.1
19,17,2,13.0948,189.93
19,18,1,16.8541,244.45
19,18,2,14.8993,216.1
19,19,1,18.9592,274.98
19,19,2,16.8541,244.45
19,20,1,21.2141,307.68
19,20,2,18.9592,274.98
19,21,1,23.6169,342.53
19,21,2,21.2141,307.68
19,22,1,26.1652,379.5
19,22,2,23.6169,342.53
19,23,1,28.8564,418.53
19,23,2,26.1652,379.5
19,24,1,31.6873,459.59
19,24,2,28.8564,418.53
19,25,1,34.6554,502.64
19,25,2,31.6873,459.59
20,1,1,0.9165,13.29
20,1,2,0.9165,13.29
20,2,1,1.1746,17.04
20,2,2,1.1746,17.04
20,3,1,1.4886,21.59
20,3,2,1.4886,21.59
20,4,1,1.8668,27.08
20,4,2,1.8668,27.08
20,5,1,2.3175,33.61
20,5,2,2.3175,33.61
20,6,1,2.8492,41.32
20,6,2,2.8492,41.32
20,7,1,3.4706,50.34
20,7,2,3.4706,50.34
20,8,1,4.19,60.77
20,8,2,4.19,60.77
20,9,1,5.0155,72.74
20,9,2,5.0155,72.74
20,10,1,5.9547,86.37
20,10,2,5.9547,86.37
20,11,1,7.0145,101.74
20,11,2,7.0145,101.74
20,12,1,8.2008,118.94
20,12,2,8.2008,118.94
20,13,1,9.5187,138.06
20,13,2,9.5187,138.06
20,14,1,10.9723,159.14
20,14,2,10.9723,159.14
20,15,1,12.5643,182.23
20,15,2,12.5643,182.23
20,16,1,14.2964,207.35
20,16,2,14.2964,207.35
20,17,1,16.1695,234.52
20,17,2,16.1695,234.52
20,18,1,18.183,263.72
20,18,2,18.183,263.72
20,19,1,20.336,294.95
20,19,2,20.336,294.95
20,20,1,22.6267,328.17
20,20,2,22.6267,328.17
20,21,1,25.0534,363.37
20,21,2,25.0534,363.37
20,22,1,27.6142,400.51
20,22,2,27.6142,400.51
20,23,1,30.3078,439.58
20,23,2,30.3078,439.58
20,24,1,33.1338,480.57
20,24,2,33.1338,480.57
20,25,1,36.0932,523.49
20,25,2,36.0932,523.49
21,1,1,1.1427,16.57
21,1,2,1.1427,16.57
21,2,1,1.4577,21.14
21,2,2,1.4577,21.14
21,3,1,1.8397,26.68
21,3,2,1.8397,26.68
21,4,1,2.2984,33.34
21,4,2,2.2984,33.34
21,5,1,2.8434,41.24
21,5,2,2.8434,41.24
21,6,1,3.485,50.55
21,6,2,3.485,50.55
21,7,1,4.2332,61.4
21,7,2,4.2332,61.4
21,8,1,5.0981,73.94
21,8,2,5.0981,73.94
21,9,1,6.0891,88.32
21,9,2,6.0891,88.32
21,10,1,7.2153,104.65
21,10,2,7.2153,104.65
21,11,1,8.4849,123.06
21,11,2,8.4849,123.06
21,12,1,9.9051,143.66
21,12,2,9.9051,143.66
21,13,1,11.482,166.53
21,13,2,11.482,166.53
21,14,1,13.2205,191.75
21,14,2,13.2205,191.75
21,15,1,15.1238,219.35
21,15,2,15.1238,219.35
21,16,1,17.1941,249.38
21,16,2,17.1941,249.38
21,17,1,19.4319,281.84
21,17,2,19.4319,281.84
21,18,1,21.8366,316.71
21,18,2,21.8366,316.71
21,19,1,24.4063,353.98
21,19,2,24.4063,353.98
21,20,1,27.1382,393.61
21,20,2,27.1382,393.61
21,21,1,30.0289,435.53
21,21,2,30.0289,435.53
21,22,1,33.0746,479.71
21,22,2,33.0746,479.71
21,23,1,36.2716,526.08
21,23,2,36.2716,526.08
21,24,1,39.6167,574.59
21,24,2,39.6167,574.59
21,25,1,43.1079,625.23
21,25,2,43.1079,625.23
22,1,1,0.8273,12.0
22,1,2,0.6539,9.48
22,2,1,1.0629,15.42
22,2,2,0.8488,12.31
22,3,1,1.3508,19.59
22,3,2,1.0892,15.8
22,4,1,1.699,24.64
22,4,2,1.3828,20.06
22,5,1,2.1157,30.69
22,5,2,1.7374,25.2
22,6,1,2.6098,37.85
22,6,2,2.1615,31.35
22,7,1,3.1899,46.27
22,7,2,2.6638,38.63
22,8,1,3.8651,56.06
22,8,2,3.253,47.18
22,9,1,4.6441,67.36
22,9,2,3.9382,57.12
22,10,1,5.5352,80.28
22,10,2,4.728,68.57
22,11,1,6.5464,94.95
22,11,2,5.6308,81.67
22,12,1,7.6849,111.46
22,12,2,6.6544,96.51
22,13,1,8.9571,129.91
22,13,2,7.806,113.22
22,14,1,10.3685,150.38
22,14,2,9.0919,131.87
22,15,1,11.9232,172.93
22,15,2,10.5174,152.54
22,16,1,13.6246,197.61
22,16,2,12.0867,175.3
22,17,1,15.4746,224.44
22,17,2,13.8029,200.19
22,18,1,17.4741,253.44
22,18,2,15.6679,227.24
22,19,1,19.6227,284.6
22,19,2,17.6822,256.46
22,20,1,21.9192,317.91
22,20,2,19.8457,287.84
22,21,1,24.3616,353.34
22,21,2,22.1569,321.36
22,22,1,26.9474,390.84
22,22,2,24.6138,356.99
22,23,1,29.6738,430.38
22,23,2,27.2138,394.7
22,24,1,32.5383,471.93
22,24,2,29.9541,434.45
22,25,1,35.5386,515.44
22,25,2,32.8322,476.19
23,1,1,0.8703,12.62
23,1,2,0.6776,9.83
23,2,1,1.1168,16.2
23,2,2,0.8792,12.75
23,3,1,1.4179,20.56
23,3,2,1.1278,16.36
23,4,1,1.7816,25.84
23,4,2,1.4312,20.76
23,5,1,2.2165,32.15
23,5,2,1.7975,26.07
23,6,1,2.7317,39.62
23,6,2,2.2355,32.42
23,7,1,3.3362,48.39
23,7,2,2.7541,39.94
23,8,1,4.0392,58.58
23,8,2,3.3623,48.77
23,9,1,4.8496,70.34
23,9,2,4.0695,59.02
23,10,1,5.7762,83.78
23,10,2,4.8844,70.84
23,11,1,6.8269,99.02
23,11,2,5.8158,84.35
23,12,1,8.0093,116.16
23,12,2,6.8716,99.66
23,13,1,9.3297,135.32
23,13,2,8.0594,116.89
23,14,1,10.7938,156.55
23,14,2,9.3855,136.13
23,15,1,12.4058,179.93
23,15,2,10.8554,157.44
23,16,1,14.169,205.5
23,16,2,12.4734,180.91
23,17,1,16.0853,233.3
23,17,2,14.2427,206.57
23,18,1,18.1554,263.32
23,18,2,16.1651,234.46
23,19,1,20.3788,295.57
23,19,2,18.2414,264.57
23,20,1,22.7543,330.02
23,20,2,20.471,296.91
23,21,1,25.2795,366.65
23,21,2,22.8525,331.45
23,22,1,27.9517,405.41
23,22,2,25.3836,368.16
23,23,1,30.7678,446.25
23,23,2,28.0616,407.0
23,24,1,33.7249,489.14
23,24,2,30.8834,447.93
23,25,1,36.8205,534.04
23,25,2,33.8461,490.9
24,1,1,0.7566,10.97
24,1,2,0.6817,9.89
24,2,1,0.9739,14.13
24,2,2,0.8816,12.79
24,3,1,1.24,17.98
24,3,2,1.1272,16.35
24,4,1,1.5621,22.66
24,4,2,1.426,20.68
24,5,1,1.9482,28.26
24,5,2,1.7856,25.9
24,6,1,2.4065,34.9
24,6,2,2.214,32.11
24,7,1,2.9453,42.72
24,7,2,2.7196,39.44
24,8,1,3.5729,51.82
24,8,2,3.3107,48.02
24,9,1,4.2975,62.33
24,9,2,3.9955,57.95
24,10,1,5.1271,74.36
24,10,2,4.7822,69.36
24,11,1,6.0692,88.03
24,11,2,5.6784,82.36
24,12,1,7.1304,103.42
24,12,2,6.6912,97.05
24,13,1,8.3169,120.63
24,13,2,7.8269,113.52
24,14,1,9.6337,139.72
24,14,2,9.091,131.85
24,15,1,11.0849,160.77
24,15,2,10.4881,152.12
24,16,1,12.6736,183.82
24,16,2,12.0215,174.36
24,17,1,14.4017,208.88
24,17,2,13.6936,198.61
24,18,1,16.27,235.98
24,18,2,15.5058,224.89
24,19,1,18.2784,265.11
24,19,2,17.4583,253.21
24,20,1,20.426,296.26
24,20,2,19.5504,283.55
24,21,1,22.7112,329.4
24,21,2,21.7807,315.9
24,22,1,25.1318,364.51
24,22,2,24.1474,350.23
24,23,1,27.6858,401.55
24,23,2,26.6484,386.5
24,24,1,30.3713,440.5
24,24,2,29.2814,424.69
24,25,1,33.187,481.34
24,25,2,32.0451,464.78
25,1,1,0.7482,10.85
25,1,2,0.6741,9.78
25,2,1,0.9633,13.97
25,2,2,0.8719,12.65
25,3,1,1.227,17.8
25,3,2,1.1152,16.17
25,4,1,1.5466,22.43
25,4,2,1.4115,20.47
25,5,1,1.9301,27.99
25,5,2,1.7685,25.65
25,6,1,2.386,34.61
25,6,2,2.1944,31.83
25,7,1,2.9227,42.39
25,7,2,2.6978,39.13
25,8,1,3.5491,51.47
25,8,2,3.2872,47.68
25,9,1,4.2736,61.98
25,9,2,3.9714,57.6
25,10,1,5.1046,74.04
25,10,2,4.7589,69.02
25,11,1,6.0502,87.75
25,11,2,5.6577,82.06
25,12,1,7.1177,103.23
25,12,2,6.6756,96.82
25,13,1,8.3137,120.58
25,13,2,7.8195,113.41
25,14,1,9.6441,139.88
25,14,2,9.0955,131.92
25,15,1,11.1136,161.19
25,15,2,10.5089,152.42
25,16,1,12.726,184.57
25,16,2,12.0637,174.97
25,17,1,14.4837,210.07
25,17,2,13.763,199.62
25,18,1,16.3881,237.69
25,18,2,15.6087,226.39
25,19,1,18.4397,267.45
25,19,2,17.6014,255.29
25,20,1,20.6376,299.32
25,20,2,19.7409,286.32
25,21,1,22.9803,333.3
25,21,2,22.0259,319.46
25,22,1,25.4656,369.35
25,22,2,24.4545,354.68
25,23,1,28.0909,407.42
25,23,2,27.0241,391.95
25,24,1,30.8534,447.49
25,24,2,29.7321,431.23
25,25,1,33.7508,489.52
25,25,2,32.5758,472.47
26,1,1,0.8602,12.48
26,1,2,0.6733,9.76
26,2,1,1.1043,16.02
26,2,2,0.8735,12.67
26,3,1,1.4023,20.34
26,3,2,1.1206,16.25
26,4,1,1.7625,25.56
26,4,2,1.4221,20.63
26,5,1,2.1934,31.81
26,5,2,1.7863,25.91
26,6,1,2.7041,39.22
26,6,2,2.2217,32.22
26,7,1,3.3036,47.92
26,7,2,2.7375,39.7
26,8,1,4.0012,58.03
26,8,2,3.3426,48.48
26,9,1,4.8058,69.7
26,9,2,4.0464,58.69
26,10,1,5.7261,83.05
26,10,2,4.8577,70.45
26,11,1,6.7704,98.2
26,11,2,5.7852,83.91
26,12,1,7.9461,115.25
26,12,2,6.8371,99.16
26,13,1,9.2598,134.3
26,13,2,8.0209,116.33
26,14,1,10.7173,155.44
26,14,2,9.3431,135.51
26,15,1,12.323,178.73
26,15,2,10.8094,156.78
26,16,1,14.0802,204.22
26,16,2,12.4241,180.2
26,17,1,15.9911,231.93
26,17,2,14.1905,205.82
26,18,1,18.0565,261.89
26,18,2,16.1107,233.67
26,19,1,20.2762,294.08
26,19,2,18.1854,263.76
26,20,1,22.6487,328.49
26,20,2,20.4142,296.08
26,21,1,25.1719,365.09
26,21,2,22.7958,330.63
26,22,1,27.8431,403.83
26,22,2,25.328,367.35
26,23,1,30.6591,444.67
26,23,2,28.008,406.22
26,24,1,33.6169,487.57
26,24,2,30.8326,447.19
26,25,1,36.7139,532.49
26,25,2,33.7988,490.21
27,1,1,0.8653,12.55
27,1,2,0.6809,9.88
27,2,1,1.1107,16.11
27,2,2,0.8831,12.81
27,3,1,1.4102,20.45
27,3,2,1.1325,16.43
27,4,1,1.7722,25.7
27,4,2,1.4368,20.84
27,5,1,2.2051,31.98
27,5,2,1.8041,26.17
27,6,1,2.7181,39.42
27,6,2,2.2431,32.53
27,7,1,3.3201,48.15
27,7,2,2.7628,40.07
27,8,1,4.0204,58.31
27,8,2,3.3724,48.91
27,9,1,4.8279,70.02
27,9,2,4.0809,59.19
27,10,1,5.7513,83.42
27,10,2,4.8974,71.03
27,11,1,6.7988,98.61
27,11,2,5.8305,84.56
27,12,1,7.9778,115.71
27,12,2,6.8882,99.91
27,13,1,9.2948,134.81
27,13,2,8.078,117.16
27,14,1,10.7554,155.99
27,14,2,9.4063,136.43
27,15,1,12.3641,179.33
27,15,2,10.8786,157.78
27,16,1,14.1242,204.85
27,16,2,12.4993,181.29
27,17,1,16.0375,232.6
27,17,2,14.2716,206.99
27,18,1,18.1049,262.59
27,18,2,16.1972,234.92
27,19,1,20.3261,294.81
27,19,2,18.2769,265.09
27,20,1,22.6996,329.23
27,20,2,20.5104,297.48
27,21,1,25.2233,365.83
27,21,2,22.896,332.08
27,22,1,27.8944,404.57
27,22,2,25.4316,368.85
27,23,1,30.7098,445.41
27,23,2,28.1143,407.76
27,24,1,33.6665,488.29
27,24,2,30.9411,448.76
27,25,1,36.762,533.19
27,25,2,33.9091,491.81
28,1,1,0.9218,13.37
28,1,2,0.832,12.07
28,2,1,1.1813,17.13
28,2,2,1.0712,15.54
28,3,1,1.4974,21.72
28,3,2,1.3637,19.78
28,4,1,1.8784,27.24
28,4,2,1.7177,24.91
28,5,1,2.3327,33.83
28,5,2,2.1416,31.06
28,6,1,2.8693,41.62
28,6,2,2.6442,38.35
28,7,1,3.4971,50.72
28,7,2,3.2345,46.91
28,8,1,4.2248,61.28
28,8,2,3.9212,56.87
28,9,1,5.0609,73.4
28,9,2,4.7129,68.36
28,10,1,6.0136,87.22
28,10,2,5.6181,81.48
28,11,1,7.0901,102.83
28,11,2,6.6442,96.37
28,12,1,8.297,120.34
28,12,2,7.7982,113.1
28,13,1,9.6399,139.81
28,13,2,9.0861,131.78
28,14,1,11.1233,161.33
28,14,2,10.5128,152.48
28,15,1,12.7506,184.93
28,15,2,12.0822,175.24
28,16,1,14.5238,210.65
28,16,2,13.7969,200.11
28,17,1,16.4441,238.5
28,17,2,15.6583,227.11
28,18,1,18.5113,268.48
28,18,2,17.6668,256.24
28,19,1,20.7244,300.58
28,19,2,19.8217,287.49
28,20,1,23.0816,334.77
28,20,2,22.1215,320.85
28,21,1,25.5806,371.02
28,21,2,24.5641,356.27
28,22,1,28.2191,409.28
28,22,2,27.1471,393.74
28,23,1,30.9949,449.54
28,23,2,29.8682,433.2
28,24,1,33.9063,491.77
28,24,2,32.7255,474.64
28,25,1,36.953,535.96
28,25,2,35.7181,518.05
29,1,1,0.6208,9.0
29,1,2,0.5584,8.1
29,2,1,0.8026,11.64
29,2,2,0.7252,10.52
29,3,1,1.0262,14.88
29,3,2,0.9313,13.51
29,4,1,1.2985,18.83
29,4,2,1.1833,17.16
29,5,1,1.6266,23.59
29,5,2,1.4882,21.58
29,6,1,2.018,29.27
29,6,2,1.8533,26.88
29,7,1,2.4806,35.98
29,7,2,2.2865,33.16
29,8,1,3.0224,43.84
29,8,2,2.7956,40.55
29,9,1,3.6514,52.96
29,9,2,3.3888,49.15
29,10,1,4.3755,63.46
29,10,2,4.074,59.09
29,11,1,5.2023,75.45
29,11,2,4.8588,70.47
29,12,1,6.1389,89.04
29,12,2,5.7507,83.41
29,13,1,7.1919,104.31
29,13,2,6.7563,97.99
29,14,1,8.367,121.35
29,14,2,7.8819,114.32
29,15,1,9.6692,140.24
29,15,2,9.1328,132.46
29,16,1,11.1026,161.03
29,16,2,10.5133,152.48
29,17,1,12.6701,183.77
29,17,2,12.0269,174.44
29,18,1,14.3738,208.47
29,18,2,13.6759,198.35
29,19,1,16.2144,235.17
29,19,2,15.4617,224.25
29,20,1,18.1921,263.86
29,20,2,17.3847,252.14
29,21,1,20.3061,294.52
29,21,2,19.4442,282.02
29,22,1,22.5547,327.13
29,22,2,21.6392,313.85
29,23,1,24.9361,361.67
29,23,2,23.9677,347.62
29,24,1,27.448,398.1
29,24,2,26.4277,383.3
29,25,1,30.0885,436.4
29,25,2,29.017,420.86
30,1,1,0.906,13.14
30,1,2,0.8177,11.86
30,2,1,1.1614,16.84
30,2,2,1.053,15.27
30,3,1,1.4724,21.36
30,3,2,1.3408,19.45
30,4,1,1.8471,26.79
30,4,2,1.6891,24.5
30,5,1,2.2939,33.27
30,5,2,2.106,30.54
30,6,1,2.8212,40.92
30,6,2,2.6001,37.71
30,7,1,3.4378,49.86
30,7,2,3.1799,46.12
30,8,1,4.1521,60.22
30,8,2,3.8541,55.9
30,9,1,4.9722,72.12
30,9,2,4.6309,67.17
30,10,1,5.9058,85.66
30,10,2,5.5183,80.04
30,11,1,6.9598,100.94
30,11,2,6.5233,94.61
30,12,1,8.1405,118.07
30,12,2,7.6526,110.99
30,13,1,9.4529,137.1
30,13,2,8.9118,129.25
30,14,1,10.9012,158.11
30,14,2,10.3053,149.47
30,15,1,12.4884,181.13
30,15,2,11.8367,171.68
30,16,1,14.2164,206.19
30,16,2,13.5082,195.92
30,17,1,16.0859,233.31
30,17,2,15.3211,222.21
30,18,1,18.0967,262.47
30,18,2,17.2755,250.56
30,19,1,20.2479,293.67
30,19,2,19.3707,280.95
30,20,1,22.5376,326.88
30,20,2,21.6052,313.36
30,21,1,24.9641,362.07
30,21,2,23.9772,347.76
30,22,1,27.5253,399.22
30,22,2,26.4848,384.13
30,23,1,30.2198,438.3
30,23,2,29.1261,422.44
30,24,1,33.0469,479.31
30,24,2,31.9002,462.67
30,25,1,36.0072,522.24
30,25,2,34.807,504.83
31,1,1,0.749,10.86
31,1,2,0.6749,9.79
31,2,1,0.9644,13.99
31,2,2,0.8729,12.66
31,3,1,1.2283,17.82
31,3,2,1.1165,16.19
31,4,1,1.5482,22.45
31,4,2,1.413,20.49
31,5,1,1.932,28.02
31,5,2,1.7703,25.68
31,6,1,2.3882,34.64
31,6,2,2.1965,31.86
31,7,1,2.9252,42.43
31,7,2,2.7001,39.16
31,8,1,3.5517,51.51
31,8,2,3.2898,47.71
31,9,1,4.2763,62.02
31,9,2,3.9741,57.64
31,10,1,5.1072,74.07
31,10,2,4.7616,69.06
31,11,1,6.0525,87.78
31,11,2,5.6602,82.09
31,12,1,7.1194,103.26
31,12,2,6.6776,96.85
31,13,1,8.3145,120.59
31,13,2,7.8207,113.43
31,14,1,9.6436,139.87
31,14,2,9.0956,131.92
31,15,1,11.1114,161.16
31,15,2,10.5074,152.4
31,16,1,12.7213,184.51
31,16,2,12.0601,174.92
31,17,1,14.4761,209.96
31,17,2,13.7567,199.52
31,18,1,16.3769,237.53
31,18,2,15.599,226.24
31,19,1,18.4241,267.22
31,19,2,17.5877,255.09
31,20,1,20.6168,299.02
31,20,2,19.7223,286.05
31,21,1,22.9536,332.91
31,21,2,22.0018,319.11
31,22,1,25.4322,368.86
31,22,2,24.4239,354.24
31,23,1,28.0501,406.83
31,23,2,26.9864,391.41
31,24,1,30.8045,446.78
31,24,2,29.6865,430.57
31,25,1,33.6933,488.68
31,25,2,32.5218,471.69
32,1,1,0.7178,10.41
32,1,2,0.6465,9.38
32,2,1,0.9251,13.42
32,2,2,0.837,12.14
32,3,1,1.1793,17.1
32,3,2,1.0716,15.54
32,4,1,1.4879,21.58
32,4,2,1.3575,19.69
32,5,1,1.8586,26.96
32,5,2,1.7023,24.69
32,6,1,2.2997,33.35
32,6,2,2.1143,30.67
32,7,1,2.8197,40.9
32,7,2,2.6017,37.73
32,8,1,3.4272,49.71
32,8,2,3.1732,46.02
32,9,1,4.1308,59.91
32,9,2,3.8373,55.66
32,10,1,4.9389,71.63
32,10,2,4.6026,66.76
32,11,1,5.8595,84.98
32,11,2,5.4772,79.44
32,12,1,6.9,100.08
32,12,2,6.469,93.82
32,13,1,8.0674,117.01
32,13,2,7.5848,110.01
32,14,1,9.3676,135.87
32,14,2,8.8312,128.09
32,15,1,10.8056,156.72
32,15,2,10.2136,148.14
32,16,1,12.3853,179.63
32,16,2,11.7362,170.22
32,17,1,14.1096,204.64
32,17,2,13.4024,194.39
32,18,1,15.9801,231.77
32,18,2,15.2143,220.67
32,19,1,17.9976,261.03
32,19,2,17.173,249.07
32,20,1,20.1614,292.42
32,20,2,19.2784,279.61
32,21,1,22.4703,325.91
32,21,2,21.5295,312.26
32,22,1,24.9222,361.47
32,22,2,23.9245,347.0
32,23,1,27.5145,399.07
32,23,2,26.4609,383.78
32,24,1,30.2446,438.66
32,24,2,29.1362,422.59
32,25,1,33.1096,480.22
32,25,2,31.9475,463.36
33,1,1,0.8388,12.17
33,1,2,0.8388,12.17
33,2,1,1.0773,15.62
33,2,2,1.0773,15.62
33,3,1,1.3687,19.85
33,3,2,1.3687,19.85
33,4,1,1.721,24.96
33,4,2,1.721,24.96
33,5,1,2.1426,31.08
33,5,2,2.1426,31.08
33,6,1,2.6423,38.32
33,6,2,2.6423,38.32
33,7,1,3.229,46.83
33,7,2,3.229,46.83
33,8,1,3.9117,56.73
33,8,2,3.9117,56.73
33,9,1,4.6991,68.15
33,9,2,4.6991,68.15
33,10,1,5.5998,81.22
33,10,2,5.5998,81.22
33,11,1,6.6216,96.04
33,11,2,6.6216,96.04
33,12,1,7.772,112.72
33,12,2,7.772,112.72
33,13,1,9.0572,131.36
33,13,2,9.0572,131.36
33,14,1,10.4829,152.04
33,14,2,10.4829,152.04
33,15,1,12.0532,174.82
33,15,2,12.0532,174.82
33,16,1,13.7714,199.74
33,16,2,13.7714,199.74
33,17,1,15.6394,226.83
33,17,2,15.6394,226.83
33,18,1,17.6582,256.11
33,18,2,17.6582,256.11
33,19,1,19.8272,287.57
33,19,2,19.8272,287.57
33,20,1,22.1454,321.19
33,20,2,22.1454,321.19
33,21,1,24.6105,356.95
33,21,2,24.6105,356.95
33,22,1,27.22,394.79
33,22,2,27.22,394.79
33,23,1,29.9711,434.7
33,23,2,29.9711,434.7
33,24,1,32.8611,476.61
33,24,2,32.8611,476.61
33,25,1,35.8876,520.51
33,25,2,35.8876,520.51
34,1,1,1.1029,16.0
34,1,2,0.9971,14.46
34,2,1,1.4079,20.42
34,2,2,1.2786,18.54
34,3,1,1.7782,25.79
34,3,2,1.6217,23.52
34,4,1,2.2229,32.24
34,4,2,2.0355,29.52
34,5,1,2.7516,39.91
34,5,2,2.5294,36.69
34,6,1,3.3743,48.94
34,6,2,3.1133,45.16
34,7,1,4.1007,59.48
34,7,2,3.7971,55.07
34,8,1,4.9406,71.66
34,8,2,4.5904,66.58
34,9,1,5.9033,85.62
34,9,2,5.5029,79.81
34,10,1,6.9975,101.49
34,10,2,6.5435,94.91
34,11,1,8.2314,119.39
34,11,2,7.7206,111.98
34,12,1,9.6118,139.41
34,12,2,9.0416,131.14
34,13,1,11.1447,161.64
34,13,2,10.5129,152.48
34,14,1,12.8349,186.15
34,14,2,12.1397,176.07
34,15,1,14.6855,213.0
34,15,2,13.9259,201.98
34,16,1,16.6987,242.19
34,16,2,15.8739,230.23
34,17,1,18.875,273.76
34,17,2,17.9849,260.85
34,18,1,21.2138,307.68
34,18,2,20.2588,293.83
34,19,1,23.7133,343.93
34,19,2,22.6944,329.15
34,20,1,26.3711,382.48
34,20,2,25.2892,366.79
34,21,1,29.1837,423.28
34,21,2,28.0403,406.69
34,22,1,32.1479,466.27
34,22,2,30.9443,448.81
34,23,1,35.2602,511.41
34,23,2,33.9977,493.1
34,24,1,38.5179,558.66
34,24,2,37.1975,539.51
34,25,1,41.9195,607.99
34,25,2,40.5416,588.01
35,1,1,0.8449,12.25
35,1,2,0.762,11.05
35,2,1,1.085,15.74
35,2,2,0.983,14.26
35,3,1,1.3783,19.99
35,3,2,1.2541,18.19
35,4,1,1.7332,25.14
35,4,2,1.5833,22.96
35,5,1,2.158,31.3
35,5,2,1.9791,28.7
35,6,1,2.6618,38.61
35,6,2,2.4502,35.54
35,7,1,3.2537,47.19
35,7,2,3.0058,43.6
35,8,1,3.943,57.19
35,8,2,3.655,53.01
35,9,1,4.7387,68.73
35,9,2,4.4071,63.92
35,10,1,5.6497,81.94
35,10,2,5.271,76.45
35,11,1,6.6844,96.95
35,11,2,6.2552,90.72
35,12,1,7.8504,113.86
35,12,2,7.3678,106.86
35,13,1,9.1545,132.78
35,13,2,8.6159,124.96
35,14,1,10.6028,153.78
35,14,2,10.0058,145.12
35,15,1,12.1999,176.94
35,15,2,11.5429,167.42
35,16,1,13.9495,202.32
35,16,2,13.2311,191.9
35,17,1,15.8539,229.94
35,17,2,15.0734,218.62
35,18,1,17.9142,259.82
35,18,2,17.0714,247.6
35,19,1,20.1305,291.97
35,19,2,19.2253,278.84
35,20,1,22.5015,326.36
35,20,2,21.5346,312.33
35,21,1,25.0251,362.96
35,21,2,23.9975,348.06
35,22,1,27.6987,401.74
35,22,2,26.6115,385.97
35,23,1,30.519,442.64
35,23,2,29.3735,426.03
35,24,1,33.4827,485.63
35,24,2,32.2802,468.19
35,25,1,36.5869,530.65
35,25,2,35.3285,512.4
36,1,1,1.142,16.56
36,1,2,0.6162,8.94
36,2,1,1.4568,21.13
36,2,2,0.7971,11.56
36,3,1,1.8391,26.67
36,3,2,1.0328,14.98
36,4,1,2.2986,33.34
36,4,2,1.3233,19.19
36,5,1,2.8455,41.27
36,5,2,1.6775,24.33
36,6,1,3.4902,50.62
36,6,2,2.1049,30.53
36,7,1,4.2435,61.55
36,7,2,2.6156,37.94
36,8,1,5.116,74.2
36,8,2,3.2199,46.7
36,9,1,6.118,88.73
36,9,2,3.9285,56.98
36,10,1,7.2594,105.29
36,10,2,4.7521,68.92
36,11,1,8.5494,124.0
36,11,2,5.7011,82.69
36,12,1,9.9961,144.98
36,12,2,6.7856,98.42
36,13,1,11.6069,168.34
36,13,2,8.015,116.25
36,14,1,13.3875,194.17
36,14,2,9.3981,136.31
36,15,1,15.3425,222.52
36,15,2,10.9425,158.71
36,16,1,17.475,253.45
36,16,2,12.6545,183.54
36,17,1,19.7865,286.98
36,17,2,14.5393,210.88
36,18,1,22.2771,323.1
36,18,2,16.6006,240.77
36,19,1,24.9455,361.8
36,19,2,18.8404,273.26
36,20,1,27.7889,403.05
36,20,2,21.2595,308.34
36,21,1,30.804,446.77
36,21,2,23.8569,346.02
36,22,1,33.9862,492.93
36,22,2,26.6307,386.25
36,23,1,37.3309,541.44
36,23,2,29.5776,428.99
36,24,1,40.8332,592.24
36,24,2,32.6935,474.18
36,25,1,44.489,645.26
36,25,2,35.9738,521.76
37,1,1,0.7114,10.32
37,1,2,0.6407,9.29
37,2,1,0.917,13.3
37,2,2,0.8296,12.03
37,3,1,1.1692,16.96
37,3,2,1.0623,15.41
37,4,1,1.4754,21.4
37,4,2,1.3459,19.52
37,5,1,1.8432,26.73
37,5,2,1.6882,24.48
37,6,1,2.2811,33.08
37,6,2,2.097,30.41
37,7,1,2.7972,40.57
37,7,2,2.5808,37.43
37,8,1,3.4003,49.32
37,8,2,3.1481,45.66
37,9,1,4.0989,59.45
37,9,2,3.8075,55.22
37,10,1,4.9013,71.09
37,10,2,4.5673,66.24
37,11,1,5.8154,84.35
37,11,2,5.4358,78.84
37,12,1,6.8488,99.33
37,12,2,6.4207,93.12
37,13,1,8.0082,116.15
37,13,2,7.5289,109.2
37,14,1,9.2996,134.88
37,14,2,8.7668,127.15
37,15,1,10.7279,155.6
37,15,2,10.1399,147.07
37,16,1,12.2971,178.35
37,16,2,11.6523,169.0
37,17,1,14.01,203.2
37,17,2,13.3075,193.01
37,18,1,15.8683,230.15
37,18,2,15.1075,219.12
37,19,1,17.8726,259.22
37,19,2,17.0534,247.34
37,20,1,20.0225,290.4
37,20,2,19.1452,277.68
37,21,1,22.3166,323.68
37,21,2,21.3818,310.12
37,22,1,24.7529,359.01
37,22,2,23.7615,344.63
37,23,1,27.329,396.37
37,23,2,26.282,381.19
37,24,1,30.042,435.72
37,24,2,28.9405,419.75
37,25,1,32.8895,477.02
37,25,2,31.7345,460.27
38,1,1,1.1289,16.37
38,1,2,1.0208,14.81
38,2,1,1.4405,20.89
38,2,2,1.3084,18.98
38,3,1,1.8186,26.38
38,3,2,1.6588,24.06
38,4,1,2.2727,32.96
38,4,2,2.0813,30.19
38,5,1,2.8127,40.79
38,5,2,2.5858,37.5
38,6,1,3.4487,50.02
38,6,2,3.1821,46.15
38,7,1,4.1908,60.78
38,7,2,3.8806,56.28
38,8,1,5.0491,73.23
38,8,2,4.6912,68.04
38,9,1,6.0333,87.51
38,9,2,5.6239,81.57
38,10,1,7.1524,103.74
38,10,2,6.688,97.0
38,11,1,8.4149,122.05
38,11,2,7.8922,114.47
38,12,1,9.8282,142.55
38,12,2,9.2444,134.08
38,13,1,11.3985,165.32
38,13,2,10.7512,155.93
38,14,1,13.1309,190.45
38,14,2,12.4182,180.11
38,15,1,15.0289,217.98
38,15,2,14.2497,206.67
38,16,1,17.0949,247.94
38,16,2,16.2483,235.66
38,17,1,19.3296,280.35
38,17,2,18.4155,267.09
38,18,1,21.7326,315.2
38,18,2,20.7513,300.97
38,19,1,24.302,352.47
38,19,2,23.2544,337.28
38,20,1,27.0353,392.11
38,20,2,25.9225,375.98
38,21,1,29.9288,434.08
38,21,2,28.7524,417.02
38,22,1,32.9789,478.32
38,22,2,31.7403,460.36
38,23,1,36.1815,524.77
38,23,2,34.8824,505.93
38,24,1,39.5334,573.38
38,24,2,38.1749,553.68
38,25,1,43.0318,624.12
38,25,2,41.6149,603.57
39,1,1,0.8792,12.75
39,1,2,0.7933,11.51
39,2,1,1.128,16.36
39,2,2,1.0224,14.83
39,3,1,1.4312,20.76
39,3,2,1.3029,18.9
39,4,1,1.797,26.06
39,4,2,1.6427,23.83
39,5,1,2.2338,32.4
39,5,2,2.05,29.73
39,6,1,2.7501,39.89
39,6,2,2.5334,36.74
39,7,1,3.3546,48.65
39,7,2,3.1016,44.99
39,8,1,4.056,58.83
39,8,2,3.7633,54.58
39,9,1,4.8626,70.53
39,9,2,4.5268,65.66
39,10,1,5.7824,83.87
39,10,2,5.4004,78.33
39,11,1,6.8225,98.95
39,11,2,6.3916,92.7
39,12,1,7.9896,115.88
39,12,2,7.5072,108.88
39,13,1,9.2892,134.73
39,13,2,8.7531,126.95
39,14,1,10.7258,155.57
39,14,2,10.1345,146.99
39,15,1,12.3029,178.44
39,15,2,11.6551,169.04
39,16,1,14.0228,203.38
39,16,2,13.3176,193.16
39,17,1,15.8865,230.41
39,17,2,15.1237,219.35
39,18,1,17.8941,259.53
39,18,2,17.0738,247.64
39,19,1,20.0449,290.73
39,19,2,19.1675,278.0
39,20,1,22.3372,323.97
39,20,2,21.4034,310.43
39,21,1,24.7689,359.24
39,21,2,23.7796,344.89
39,22,1,27.3378,396.5
39,22,2,26.2939,381.36
39,23,1,30.042,435.72
39,23,2,28.9442,419.8
39,24,1,32.8799,476.88
39,24,2,31.7287,460.19
39,25,1,35.8511,519.98
39,25,2,34.6466,502.51
40,1,1,0.3888,5.64
40,1,2,0.3888,5.64
40,2,1,0.5256,7.62
40,2,2,0.5256,7.62
40,3,1,0.7014,10.17
40,3,2,0.7014,10.17
40,4,1,0.9248,13.41
40,4,2,0.9248,13.41
40,5,1,1.2055,17.48
40,5,2,1.2055,17.48
40,6,1,1.5767,22.87
40,6,2,1.5767,22.87
40,7,1,2.0417,29.61
40,7,2,2.0417,29.61
40,8,1,2.6177,37.97
40,8,2,2.6177,37.97
40,9,1,3.3245,48.22
40,9,2,3.3245,48.22
40,10,1,4.184,60.68
40,10,2,4.184,60.68
40,11,1,5.2199,75.71
40,11,2,5.2199,75.71
40,12,1,6.4581,93.67
40,12,2,6.4581,93.67
40,13,1,7.9259,114.96
40,13,2,7.9259,114.96
40,14,1,9.6523,140.0
40,14,2,9.6523,140.0
40,15,1,11.6675,169.22
40,15,2,11.6675,169.22
40,16,1,14.0025,203.09
40,16,2,14.0025,203.09
40,17,1,16.6889,242.05
40,17,2,16.6889,242.05
40,18,1,19.7586,286.57
40,18,2,19.7586,286.57
40,19,1,23.2427,337.11
40,19,2,23.2427,337.11
40,20,1,27.1722,394.1
40,20,2,27.1722,394.1
40,21,1,31.5764,457.98
40,21,2,31.5764,457.98
40,22,1,36.4832,529.15
40,22,2,36.4832,529.15
40,23,1,41.9186,607.98
40,23,2,41.9186,607.98
40,24,1,47.906,694.82
40,24,2,47.906,694.82
40,25,1,54.4665,789.97
40,25,2,54.4665,789.97
41,1,1,3.6922,53.55
41,1,2,3.6922,53.55
41,2,1,4.4359,64.34
41,2,2,4.4359,64.34
41,3,1,5.2784,76.56
41,3,2,5.2784,76.56
41,4,1,6.2234,90.26
41,4,2,6.2234,90.26
41,5,1,7.2734,105.49
41,5,2,7.2734,105.49
41,6,1,8.4293,122.26
41,6,2,8.4293,122.26
41,7,1,9.6909,140.55
41,7,2,9.6909,140.55
41,8,1,11.0563,160.36
41,8,2,11.0563,160.36
41,9,1,12.5226,181.63
41,9,2,12.5226,181.63
41,10,1,14.0856,204.29
41,10,2,14.0856,204.29
41,11,1,15.7404,228.29
41,11,2,15.7404,228.29
41,12,1,17.4814,253.55
41,12,2,17.4814,253.55
41,13,1,19.3032,279.97
41,13,2,19.3032,279.97
41,14,1,21.2004,307.49
41,14,2,21.2004,307.49
41,15,1,23.1686,336.03
41,15,2,23.1686,336.03
41,16,1,25.2045,365.56
41,16,2,25.2045,365.56
41,17,1,27.3068,396.05
41,17,2,27.3068,396.05
41,18,1,73.8,1070.38
41,18,2,73.8,1070.38
41,19,1,73.8,1070.38
41,19,2,73.8,1070.38
41,20,1,73.8,1070.38
41,20,2,73.8,1070.38
41,21,1,73.8,1070.38
41,21,2,73.8,1070.38
41,22,1,73.8,1070.38
41,22,2,73.8,1070.38
41,23,1,73.8,1070.38
41,23,2,73.8,1070.38
41,24,1,73.8,1070.38
41,24,2,73.8,1070.38
41,25,1,73.8,1070.38
41,25,2,73.8,1070.38
42,1,1,0.0237,0.34
42,1,2,0.0237,0.34
42,2,1,0.0326,0.47
42,2,2,0.0326,0.47
42,3,1,0.0442,0.64
42,3,2,0.0442,0.64
42,4,1,0.0593,0.86
42,4,2,0.0593,0.86
42,5,1,0.0785,1.14
42,5,2,0.0785,1.14
42,6,1,0.1027,1.49
42,6,2,0.1027,1.49
42,7,1,0.133,1.93
42,7,2,0.133,1.93
42,8,1,0.1705,2.47
42,8,2,0.1705,2.47
42,9,1,0.2165,3.14
42,9,2,0.2165,3.14
42,10,1,0.2726,3.95
42,10,2,0.2726,3.95
42,11,1,0.3402,4.93
42,11,2,0.3402,4.93
42,12,1,0.4257,6.17
42,12,2,0.4257,6.17
42,13,1,0.5298,7.68
42,13,2,0.5298,7.68
42,14,1,0.6545,9.49
42,14,2,0.6545,9.49
42,15,1,0.8027,11.64
42,15,2,0.8027,11.64
42,16,1,0.9777,14.18
42,16,2,0.9777,14.18
42,17,1,1.183,17.16
42,17,2,1.183,17.16
42,18,1,1.4221,20.63
42,18,2,1.4221,20.63
42,19,1,1.6989,24.64
42,19,2,1.6989,24.64
42,20,1,2.0175,29.26
42,20,2,2.0175,29.26
42,21,1,2.382,34.55
42,21,2,2.382,34.55
42,22,1,2.7966,40.56
42,22,2,2.7966,40.56
42,23,1,3.2656,47.36
42,23,2,3.2656,47.36
42,24,1,3.7931,55.01
42,24,2,3.7931,55.01
42,25,1,4.3835,63.58
42,25,2,4.3835,63.58
43,1,1,0.1611,2.34
43,1,2,0.1611,2.34
43,2,1,0.2125,3.08
43,2,2,0.2125,3.08
43,3,1,0.277,4.02
43,3,2,0.277,4.02
43,4,1,0.3581,5.19
43,4,2,0.3581,5.19
43,5,1,0.4636,6.72
43,5,2,0.4636,6.72
43,6,1,0.594,8.62
43,6,2,0.594,8.62
43,7,1,0.7539,10.93
43,7,2,0.7539,10.93
43,8,1,0.9479,13.75
43,8,2,0.9479,13.75
43,9,1,1.1812,17.13
43,9,2,1.1812,17.13
43,10,1,1.4594,21.17
43,10,2,1.4594,21.17
43,11,1,1.7884,25.94
43,11,2,1.7884,25.94
43,12,1,2.1742,31.53
43,12,2,2.1742,31.53
43,13,1,2.6233,38.05
43,13,2,2.6233,38.05
43,14,1,3.142,45.57
43,14,2,3.142,45.57
43,15,1,3.7368,54.2
43,15,2,3.7368,54.2
43,16,1,4.414,64.02
43,16,2,4.414,64.02
43,17,1,5.1799,75.13
43,17,2,5.1799,75.13
43,18,1,6.0404,87.61
43,18,2,6.0404,87.61
43,19,1,7.0011,101.54
43,19,2,7.0011,101.54
43,20,1,8.0669,117.0
43,20,2,8.0669,117.0
43,21,1,9.2425,134.05
43,21,2,9.2425,134.05
43,22,1,10.5318,152.75
43,22,2,10.5318,152.75
43,23,1,11.938,173.15
43,23,2,11.938,173.15
43,24,1,13.4637,195.27
43,24,2,13.4637,195.27
43,25,1,15.1108,219.16
43,25,2,15.1108,219.16
44,1,1,0.0447,0.65
44,1,2,0.0447,0.65
44,2,1,0.0598,0.87
44,2,2,0.0598,0.87
44,3,1,0.0791,1.15
44,3,2,0.0791,1.15
44,4,1,0.1033,1.5
44,4,2,0.1033,1.5
44,5,1,0.1336,1.94
44,5,2,0.1336,1.94
44,6,1,0.1709,2.48
44,6,2,0.1709,2.48
44,7,1,0.2165,3.14
44,7,2,0.2165,3.14
44,8,1,0.2718,3.94
44,8,2,0.2718,3.94
44,9,1,0.3383,4.91
44,9,2,0.3383,4.91
44,10,1,0.4231,6.14
44,10,2,0.4231,6.14
44,11,1,0.5251,7.62
44,11,2,0.5251,7.62
44,12,1,0.6468,9.38
44,12,2,0.6468,9.38
44,13,1,0.7907,11.47
44,13,2,0.7907,11.47
44,14,1,0.9598,13.92
44,14,2,0.9598,13.92
44,15,1,1.1572,16.78
44,15,2,1.1572,16.78
44,16,1,1.3861,20.1
44,16,2,1.3861,20.1
44,17,1,1.6496,23.93
44,17,2,1.6496,23.93
44,18,1,1.9513,28.3
44,18,2,1.9513,28.3
44,19,1,2.2945,33.28
44,19,2,2.2945,33.28
44,20,1,2.6826,38.91
44,20,2,2.6826,38.91
44,21,1,3.119,45.24
44,21,2,3.119,45.24
44,22,1,3.607,52.31
44,22,2,3.607,52.31
44,23,1,4.1496,60.19
44,23,2,4.1496,60.19
44,24,1,4.75,68.89
44,24,2,4.75,68.89
44,25,1,5.4108,78.48
44,25,2,5.4108,78.48
45,1,1,0.2457,3.56
45,1,2,0.2457,3.56
45,2,1,0.3169,4.6
45,2,2,0.3169,4.6
45,3,1,0.4088,5.93
45,3,2,0.4088,5.93
45,4,1,0.5241,7.6
45,4,2,0.5241,7.6
45,5,1,0.6652,9.65
45,5,2,0.6652,9.65
45,6,1,0.8361,12.13
45,6,2,0.8361,12.13
45,7,1,1.0413,15.1
45,7,2,1.0413,15.1
45,8,1,1.2854,18.64
45,8,2,1.2854,18.64
45,9,1,1.5734,22.82
45,9,2,1.5734,22.82
45,10,1,1.9102,27.71
45,10,2,1.9102,27.71
45,11,1,2.3011,33.37
45,11,2,2.3011,33.37
45,12,1,2.7511,39.9
45,12,2,2.7511,39.9
45,13,1,3.2653,47.36
45,13,2,3.2653,47.36
45,14,1,3.8487,55.82
45,14,2,3.8487,55.82
45,15,1,4.5058,65.35
45,15,2,4.5058,65.35
45,16,1,5.2409,76.01
45,16,2,5.2409,76.01
45,17,1,6.058,87.86
45,17,2,6.058,87.86
45,18,1,6.9604,100.95
45,18,2,6.9604,100.95
45,19,1,7.951,115.32
45,19,2,7.951,115.32
45,20,1,9.032,131.0
45,20,2,9.032,131.0
45,21,1,10.2049,148.01
45,21,2,10.2049,148.01
45,22,1,11.4707,166.37
45,22,2,11.4707,166.37
45,23,1,12.8298,186.08
45,23,2,12.8298,186.08
45,24,1,14.282,207.14
45,24,2,14.282,207.14
45,25,1,15.8265,229.54
45,25,2,15.8265,229.54
46,1,1,6.7573,98.01
46,1,2,6.7573,98.01
46,2,1,8.2002,118.93
46,2,2,8.2002,118.93
46,3,1,9.8456,142.8
46,3,2,9.8456,142.8
46,4,1,11.7022,169.73
46,4,2,11.7022,169.73
46,5,1,13.7756,199.8
46,5,2,13.7756,199.8
46,6,1,16.0692,233.06
46,6,2,16.0692,233.06
46,7,1,18.5836,269.53
46,7,2,18.5836,269.53
46,8,1,21.3172,309.18
46,8,2,21.3172,309.18
46,9,1,24.2668,351.96
46,9,2,24.2668,351.96
46,10,1,27.4279,397.81
46,10,2,27.4279,397.81
46,11,1,30.796,446.66
46,11,2,30.796,446.66
46,12,1,34.3674,498.46
46,12,2,34.3674,498.46
46,13,1,38.1404,553.18
46,13,2,38.1404,553.18
46,14,1,39.3,570.0
46,14,2,39.3,570.0
46,15,1,39.3,570.0
46,15,2,39.3,570.0
46,16,1,39.3,570.0
46,16,2,39.3,570.0
46,17,1,39.3,570.0
46,17,2,39.3,570.0
46,18,1,39.3,570.0
46,18,2,39.3,570.0
46,19,1,39.3,570.0
46,19,2,39.3,570.0
46,20,1,39.3,570.0
46,20,2,39.3,570.0
46,21,1,39.3,570.0
46,21,2,39.3,570.0
46,22,1,39.3,570.0
46,22,2,39.3,570.0
46,23,1,39.3,570.0
46,23,2,39.3,570.0
46,24,1,39.3,570.0
46,24,2,39.3,570.0
46,25,1,39.3,570.0
46,25,2,39.3,570.0
47,1,1,5.2164,75.66
47,1,2,5.2164,75.66
47,2,1,6.3907,92.69
47,2,2,6.3907,92.69
47,3,1,7.7466,112.35
47,3,2,7.7466,112.35
47,4,1,9.2953,134.82
47,4,2,9.2953,134.82
47,5,1,11.0462,160.21
47,5,2,11.0462,160.21
47,6,1,13.0064,188.64
47,6,2,13.0064,188.64
47,7,1,15.1807,220.18
47,7,2,15.1807,220.18
47,8,1,17.5713,254.85
47,8,2,17.5713,254.85
47,9,1,20.1782,292.66
47,9,2,20.1782,292.66
47,10,1,22.9993,333.58
47,10,2,22.9993,333.58
47,11,1,26.0307,377.54
47,11,2,26.0307,377.54
47,12,1,29.2678,424.49
47,12,2,29.2678,424.49
47,13,1,32.7056,474.35
47,13,2,32.7056,474.35
47,14,1,36.3396,527.06
47,14,2,36.3396,527.06
47,15,1,40.1672,582.58
47,15,2,40.1672,582.58
47,16,1,44.1883,640.9
47,16,2,44.1883,640.9
47,17,1,48.4,701.98
47,17,2,48.4,701.98
47,18,1,48.4,701.98
47,18,2,48.4,701.98
47,19,1,48.4,701.98
47,19,2,48.4,701.98
47,20,1,48.4,701.98
47,20,2,48.4,701.98
47,21,1,48.4,701.98
47,21,2,48.4,701.98
47,22,1,48.4,701.98
47,22,2,48.4,701.98
47,23,1,48.4,701.98
47,23,2,48.4,701.98
47,24,1,48.4,701.98
47,24,2,48.4,701.98
47,25,1,48.4,701.98
47,25,2,48.4,701.98
48,1,1,6.9263,100.46
48,1,2,6.9263,100.46
48,2,1,8.4167,122.07
48,2,2,8.4167,122.07
48,3,1,10.1207,146.79
48,3,2,10.1207,146.79
48,4,1,12.0483,174.75
48,4,2,12.0483,174.75
48,5,1,14.207,206.06
48,5,2,14.207,206.06
48,6,1,16.6011,240.78
48,6,2,16.6011,240.78
48,7,1,19.2325,278.94
48,7,2,19.2325,278.94
48,8,1,22.1001,320.54
48,8,2,22.1001,320.54
48,9,1,25.2006,365.5
48,9,2,25.2006,365.5
48,10,1,28.529,413.78
48,10,2,28.529,413.78
48,11,1,32.0792,465.27
48,11,2,32.0792,465.27
48,12,1,35.8451,519.89
48,12,2,35.8451,519.89
48,13,1,39.8217,577.57
48,13,2,39.8217,577.57
48,14,1,44.0,638.17
48,14,2,44.0,638.17
48,15,1,44.0,638.17
48,15,2,44.0,638.17
48,16,1,44.0,638.17
48,16,2,44.0,638.17
48,17,1,44.0,638.17
48,17,2,44.0,638.17
48,18,1,44.0,638.17
48,18,2,44.0,638.17
48,19,1,44.0,638.17
48,19,2,44.0,638.17
48,20,1,44.0,638.17
48,20,2,44.0,638.17
48,21,1,44.0,638.17
48,21,2,44.0,638.17
48,22,1,44.0,638.17
48,22,2,44.0,638.17
48,23,1,44.0,638.17
48,23,2,44.0,638.17
48,24,1,44.0,638.17
48,24,2,44.0,638.17
48,25,1,44.0,638.17
48,25,2,44.0,638.17
49,1,1,0.005,0.07
49,1,2,0.005,0.07
49,2,1,0.005,0.07
49,2,2,0.005,0.07
49,3,1,0.005,0.07
49,3,2,0.005,0.07
49,4,1,0.005,0.07
49,4,2,0.005,0.07
49,5,1,0.005,0.07
49,5,2,0.005,0.07
49,6,1,0.005,0.07
49,6,2,0.005,0.07
49,7,1,0.0067,0.1
49,7,2,0.0067,0.1
49,8,1,0.009,0.13
49,8,2,0.009,0.13
49,9,1,0.0121,0.17
49,9,2,0.0121,0.17
49,10,1,0.016,0.23
49,10,2,0.016,0.23
49,11,1,0.0209,0.3
49,11,2,0.0209,0.3
49,12,1,0.0271,0.39
49,12,2,0.0271,0.39
49,13,1,0.0349,0.51
49,13,2,0.0349,0.51
49,14,1,0.0444,0.64
49,14,2,0.0444,0.64
49,15,1,0.0562,0.81
49,15,2,0.0562,0.81
49,16,1,0.0704,1.02
49,16,2,0.0704,1.02
49,17,1,0.0876,1.27
49,17,2,0.0876,1.27
49,18,1,0.1083,1.57
49,18,2,0.1083,1.57
49,19,1,0.1329,1.93
49,19,2,0.1329,1.93
49,20,1,0.1621,2.35
49,20,2,0.1621,2.35
49,21,1,0.1965,2.85
49,21,2,0.1965,2.85
49,22,1,0.2368,3.43
49,22,2,0.2368,3.43
49,23,1,0.2838,4.12
49,23,2,0.2838,4.12
49,24,1,0.3382,4.91
49,24,2,0.3382,4.91
49,25,1,0.4011,5.82
49,25,2,0.4011,5.82
50,1,1,37.7,546.79
50,1,2,37.7,546.79
50,2,1,37.7,546.79
50,2,2,37.7,546.79
50,3,1,37.7,546.79
50,3,2,37.7,546.79
50,4,1,37.7,546.79
50,4,2,37.7,546.79
50,5,1,37.7,546.79
50,5,2,37.7,546.79
50,6,1,37.7,546.79
50,6,2,37.7,546.79
50,7,1,37.7,546.79
50,7,2,37.7,546.79
50,8,1,37.7,546.79
50,8,2,37.7,546.79
50,9,1,37.7,546.79
50,9,2,37.7,546.79
50,10,1,37.7,546.79
50,10,2,37.7,546.79
50,11,1,37.7,546.79
50,11,2,37.7,546.79
50,12,1,37.7,546.79
50,12,2,37.7,546.79
50,13,1,37.7,546.79
50,13,2,37.7,546.79
50,14,1,37.7,546.79
50,14,2,37.7,546.79
50,15,1,37.7,546.79
50,15,2,37.7,546.79
50,16,1,37.7,546.79
50,16,2,37.7,546.79
50,17,1,37.7,546.79
50,17,2,37.7,546.79
50,18,1,37.7,546.79
50,18,2,37.7,546.79
50,19,1,37.7,546.79
50,19,2,37.7,546.79
50,20,1,37.7,546.79
50,20,2,37.7,546.79
50,21,1,37.7,546.79
50,21,2,37.7,546.79
50,22,1,37.7,546.79
50,22,2,37.7,546.79
50,23,1,37.7,546.79
50,23,2,37.7,546.79
50,24,1,37.7,546.79
50,24,2,37.7,546.79
50,25,1,37.7,546.79
50,25,2,37.7,546.79
51,1,1,14.9302,216.55
51,1,2,14.9302,216.55
51,2,1,17.8126,258.35
51,2,2,17.8126,258.35
51,3,1,21.0382,305.13
51,3,2,21.0382,305.13
51,4,1,24.611,356.95
51,4,2,24.611,356.95
51,5,1,28.5303,413.8
51,5,2,28.5303,413.8
51,6,1,32.7908,475.59
51,6,2,32.7908,475.59
51,7,1,37.3835,542.2
51,7,2,37.3835,542.2
51,8,1,42.2967,613.46
51,8,2,42.2967,613.46
51,9,1,47.5173,689.18
51,9,2,47.5173,689.18
51,10,1,50.4,730.99
51,10,2,50.4,730.99
51,11,1,50.4,730.99
51,11,2,50.4,730.99
51,12,1,50.4,730.99
51,12,2,50.4,730.99
51,13,1,50.4,730.99
51,13,2,50.4,730.99
51,14,1,50.4,730.99
51,14,2,50.4,730.99
51,15,1,50.4,730.99
51,15,2,50.4,730.99
51,16,1,50.4,730.99
51,16,2,50.4,730.99
51,17,1,50.4,730.99
51,17,2,50.4,730.99
51,18,1,50.4,730.99
51,18,2,50.4,730.99
51,19,1,50.4,730.99
51,19,2,50.4,730.99
51,20,1,50.4,730.99
51,20,2,50.4,730.99
51,21,1,50.4,730.99
51,21,2,50.4,730.99
51,22,1,50.4,730.99
51,22,2,50.4,730.99
51,23,1,50.4,730.99
51,23,2,50.4,730.99
51,24,1,50.4,730.99
51,24,2,50.4,730.99
51,25,1,50.4,730.99
51,25,2,50.4,730.99
52,1,1,0.9152,13.27
52,1,2,0.9152,13.27
52,2,1,1.1757,17.05
52,2,2,1.1757,17.05
52,3,1,1.4943,21.67
52,3,2,1.4943,21.67
52,4,1,1.8801,27.27
52,4,2,1.8801,27.27
52,5,1,2.3427,33.98
52,5,2,2.3427,33.98
52,6,1,2.8922,41.95
52,6,2,2.8922,41.95
52,7,1,3.539,51.33
52,7,2,3.539,51.33
52,8,1,4.2936,62.27
52,8,2,4.2936,62.27
52,9,1,5.1665,74.93
52,9,2,5.1665,74.93
52,10,1,6.1681,89.46
52,10,2,6.1681,89.46
52,11,1,7.3083,106.0
52,11,2,7.3083,106.0
52,12,1,8.5963,124.68
52,12,2,8.5963,124.68
52,13,1,10.0407,145.63
52,13,2,10.0407,145.63
52,14,1,11.6488,168.95
52,14,2,11.6488,168.95
52,15,1,13.4268,194.74
52,15,2,13.4268,194.74
52,16,1,15.3799,223.07
52,16,2,15.3799,223.07
52,17,1,17.5115,253.98
52,17,2,17.5115,253.98
52,18,1,19.8238,287.52
52,18,2,19.8238,287.52
52,19,1,22.3174,323.69
52,19,2,22.3174,323.69
52,20,1,24.9918,362.48
52,20,2,24.9918,362.48
52,21,1,27.8449,403.86
52,21,2,27.8449,403.86
52,22,1,30.8739,447.79
52,22,2,30.8739,447.79
52,23,1,34.075,494.22
52,23,2,34.075,494.22
52,24,1,37.4439,543.08
52,24,2,37.4439,543.08
52,25,1,40.9762,594.31
52,25,2,40.9762,594.31
53,1,1,7.1529,103.74
53,1,2,7.1529,103.74
53,2,1,8.7363,126.71
53,2,2,8.7363,126.71
53,3,1,10.561,153.17
53,3,2,10.561,153.17
53,4,1,12.6421,183.36
53,4,2,12.6421,183.36
53,5,1,14.9919,217.44
53,5,2,14.9919,217.44
53,6,1,17.6198,255.55
53,6,2,17.6198,255.55
53,7,1,20.532,297.79
53,7,2,20.532,297.79
53,8,1,23.7314,344.19
53,8,2,23.7314,344.19
53,9,1,27.2172,394.75
53,9,2,27.2172,394.75
53,10,1,30.9859,449.41
53,10,2,30.9859,449.41
53,11,1,35.0312,508.09
53,11,2,35.0312,508.09
53,12,1,39.3448,570.65
53,12,2,39.3448,570.65
53,13,1,43.9172,636.97
53,13,2,43.9172,636.97
53,14,1,48.7,706.34
53,14,2,48.7,706.34
53,15,1,48.7,706.34
53,15,2,48.7,706.34
53,16,1,48.7,706.34
53,16,2,48.7,706.34
53,17,1,48.7,706.34
53,17,2,48.7,706.34
53,18,1,48.7,706.34
53,18,2,48.7,706.34
53,19,1,48.7,706.34
53,19,2,48.7,706.34
53,20,1,48.7,706.34
53,20,2,48.7,706.34
53,21,1,48.7,706.34
53,21,2,48.7,706.34
53,22,1,48.7,706.34
53,22,2,48.7,706.34
53,23,1,48.7,706.34
53,23,2,48.7,706.34
53,24,1,48.7,706.34
53,24,2,48.7,706.34
53,25,1,48.7,706.34
53,25,2,48.7,706.34
54,1,1,0.0277,0.4
54,1,2,0.0277,0.4
54,2,1,0.038,0.55
54,2,2,0.038,0.55
54,3,1,0.0516,0.75
54,3,2,0.0516,0.75
54,4,1,0.069,1.0
54,4,2,0.069,1.0
54,5,1,0.0913,1.32
54,5,2,0.0913,1.32
54,6,1,0.1193,1.73
54,6,2,0.1193,1.73
54,7,1,0.1544,2.24
54,7,2,0.1544,2.24
54,8,1,0.1977,2.87
54,8,2,0.1977,2.87
54,9,1,0.2509,3.64
54,9,2,0.2509,3.64
54,10,1,0.3155,4.58
54,10,2,0.3155,4.58
54,11,1,0.3935,5.71
54,11,2,0.3935,5.71
54,12,1,0.4869,7.06
54,12,2,0.4869,7.06
54,13,1,0.5987,8.68
54,13,2,0.5987,8.68
54,14,1,0.739,10.72
54,14,2,0.739,10.72
54,15,1,0.906,13.14
54,15,2,0.906,13.14
54,16,1,1.1032,16.0
54,16,2,1.1032,16.0
54,17,1,1.3346,19.36
54,17,2,1.3346,19.36
54,18,1,1.6045,23.27
54,18,2,1.6045,23.27
54,19,1,1.9173,27.81
54,19,2,1.9173,27.81
54,20,1,2.2778,33.04
54,20,2,2.2778,33.04
54,21,1,2.6907,39.03
54,21,2,2.6907,39.03
54,22,1,3.1612,45.85
54,22,2,3.1612,45.85
54,23,1,3.6944,53.58
54,23,2,3.6944,53.58
54,24,1,4.2954,62.3
54,24,2,4.2954,62.3
54,25,1,4.9694,72.07
54,25,2,4.9694,72.07
55,1,1,0.0086,0.12
55,1,2,0.0086,0.12
55,2,1,0.0121,0.18
55,2,2,0.0121,0.18
55,3,1,0.0169,0.24
55,3,2,0.0169,0.24
55,4,1,0.0231,0.34
55,4,2,0.0231,0.34
55,5,1,0.0313,0.45
55,5,2,0.0313,0.45
55,6,1,0.0418,0.61
55,6,2,0.0418,0.61
55,7,1,0.0552,0.8
55,7,2,0.0552,0.8
55,8,1,0.0721,1.05
55,8,2,0.0721,1.05
55,9,1,0.0932,1.35
55,9,2,0.0932,1.35
55,10,1,0.1194,1.73
55,10,2,0.1194,1.73
55,11,1,0.1516,2.2
55,11,2,0.1516,2.2
55,12,1,0.1909,2.77
55,12,2,0.1909,2.77
55,13,1,0.2383,3.46
55,13,2,0.2383,3.46
55,14,1,0.2952,4.28
55,14,2,0.2952,4.28
55,15,1,0.3638,5.28
55,15,2,0.3638,5.28
55,16,1,0.4497,6.52
55,16,2,0.4497,6.52
55,17,1,0.5521,8.01
55,17,2,0.5521,8.01
55,18,1,0.6734,9.77
55,18,2,0.6734,9.77
55,19,1,0.8161,11.84
55,19,2,0.8161,11.84
55,20,1,0.9831,14.26
55,20,2,0.9831,14.26
55,21,1,1.1772,17.07
55,21,2,1.1772,17.07
55,22,1,1.4016,20.33
55,22,2,1.4016,20.33
55,23,1,1.6596,24.07
55,23,2,1.6596,24.07
55,24,1,1.9546,28.35
55,24,2,1.9546,28.35
55,25,1,2.2902,33.22
55,25,2,2.2902,33.22
