Refrigerante,Compuesto,Seguridad,GWP,ODP,Estado,Ebullicion_C,Critica_C,Critica_bar,Sustituto,Aceite,Descripcion,Ventajas,Precauciones
R-134a,HFC,A1,1430,0,Phasing Down,-26.3,101.1,40.6,R-1234yf (Automotriz) o R-513A (Comercial / Drop-in),POE,"El refrigerante estándar de la industria para refrigeración doméstica, automotriz y comercial ligera. Reemplazó al R-12.","No inflamable, baja toxicidad, termodinámicamente eficiente a temperaturas medias.",Alto GWP. Sujeto a cuotas de reducción bajo la Enmienda de Kigali.
R-600a,HC,A3,3,0,Active,-11.7,134.7,36.4,Ninguno (Ya es el estándar ecológico natural en heladeras),Mineral,Hidrocarburo natural de excelente rendimiento. Convertido en el estándar mundial para heladeras domésticas modernas.,"Impacto ambiental insignificante, alta eficiencia, menor carga de gas requerida.",Altamente inflamable (A3). Requiere precauciones especiales de diseño y servicio.
R-290,HC,A3,3,0,Active,-42.1,96.7,42.5,Ninguno (Ya es el estándar ecológico natural en botelleros),Mineral,"Propano de alta pureza. Excelente para sistemas comerciales autónomos pequeños (freezers de supermercado, botelleros).","Termodinámica soberbia, bajísimo GWP, compatible con aceite mineral económico.",Altamente inflamable (A3). Carga limitada por normativas de seguridad (usualmente 150g a 500g).
R-12,CFC,A1,10900,1,Phased Out,-29.8,112,41.2,R-134a (Sustituto Ecológico) o R-437A (Sustituto Drop-in compatible con aceite mineral),Mineral,"El refrigerante más famoso de la historia, prohibido a nivel global por el Protocolo de Montreal debido a su altísimo daño a la capa de ozono.","Termodinámicamente perfecto, no inflamable, estable químicamente.",Altísimo ODP y GWP extremo. Totalmente prohibido.
R-401A,HCFC,A1,1182,0.03,Phased Out,-32.6,108,46.1,R-437A o R-134a (requiere cambio a aceite POE),Alquilbenceno,Mezcla de transición diseñada para sustituir al R-12 en refrigeración comercial de temperatura media sin cambiar el compresor.,"Presiones de descarga similares al R-12, compatible con aceites tradicionales con AB.","Contiene R-22 (daño al ozono residual), sujeto a eliminación."
R-401B,HCFC,A1,1288,0.035,Phased Out,-34.5,105,46.5,R-437A o R-404A,Alquilbenceno,Variante de transición optimizada para sistemas de congelamiento comercial de baja temperatura de R-12.,Mayor capacidad frigorífica a bajas temperaturas que el R-401A.,Impacto ecológico moderado por presencia de HCFC.
R-409A,HCFC,A1,1585,0.048,Phased Out,-34.3,109.4,45.9,R-437A,Alquilbenceno,Otro refrigerante de sustitución temporal del R-12 de alta popularidad en el mercado de repuestos automotrices y comerciales del siglo pasado.,Fácil sustitución en heladeras comerciales antiguas.,"Efecto negativo sobre el ozono, alto potencial de calentamiento global."
R-413A,HFC,A2,2053,0,Phasing Down,-34.8,101.2,40.7,R-437A,Mineral/POE,Reemplazo directo libre de cloro para sistemas R-12 en refrigeración doméstica y aire acondicionado móvil.,Compatible con aceite mineral debido a la fracción de isobutano añadida.,Presencia de R-218 aumenta significativamente el GWP.
R-426A,HFC,A1,1508,0,Active,-28.6,100.9,40.8,R-134a,POE/Mineral,"Sustituto directo (drop-in) de R-12 en refrigeradores domésticos y comerciales, compatible con lubricantes tradicionales.","Seguridad clasificada A1 (no inflamable), no daña el ozono.",Su GWP es moderado-alto.
R-437A,HFC,A1,1805,0,Active,-32.3,98.7,40.6,R-513A o R-1234yf (HFO de bajo GWP),Mineral/POE,Reemplazo drop-in definitivo del R-12 y de las mezclas de transición como R-401A/B y R-409A.,Permite conservar el aceite mineral y el compresor existente con nula toxicidad.,El GWP sigue siendo alto para la regulación europea F-Gas.
R-600,HC,A3,4,0,Active,-0.5,152,38,R-600a,Mineral,Butano de uso termodinámico. Utilizado principalmente en mezclas de refrigeración y en algunas heladeras especializadas.,"Cero impacto ambiental, excelente lubricidad con aceite mineral.","Punto de ebullición muy alto, inflamable (A3)."
R-1234yf,HFO,A2L,1,0,Active,-29.4,94.7,33.8,Ninguno (Es la HFO de ultra bajo GWP definitiva en automoción),PAG/POE,Hidrofluoroolefina de cuarta generación de ultra-bajo GWP. Es el reemplazo oficial obligatorio del R-134a en el aire acondicionado automotriz.,"GWP de 1, alta eficiencia termodinámica, rápida descomposición en la atmósfera.",Ligeramente inflamable (A2L). Genera trazas menores de TFA (ácido trifluoroacético).
R-415B,Blend,A2,1500,0.01,Phased Out,-30,102,45,R-134a,Mineral/AB,Mezcla de transición de escaso uso masivo pero común en áreas de desarrollo para reconversiones rápidas.,Presión compatible con R-12 y R-134a.,Ligeramente inflamable y con impacto de ozono remanente.
R-424A,HFC,A1,2440,0,Phasing Down,-38.7,88.8,40.4,R-427A o R-407C,Mineral/POE,"Diseñado originalmente para aire acondicionado y refrigeración, se usa a veces como drop-in de baja temperatura.","No inflamable, compatible con aceites minerales clásicos.",GWP elevado.
R-513A,Blend,A1,573,0,Active,-29.2,96.5,37.6,R-290 (Propano natural),POE,Una mezcla azeotrópica diseñada para reemplazar de manera directa al R-134a reduciendo el GWP en un 56%.,"Clasificación de seguridad A1 (no inflamable), compatibilidad directa con equipos R-134a.",Su GWP sigue estando por encima de las alternativas naturales.
R-22,HCFC,A1,1810,0.055,Phased Out,-40.8,96.1,49.9,R-407C (AC con cambio de aceite POE) o R-438A (Drop-in compatible con aceite mineral),Mineral/AB,El HCFC más utilizado a nivel mundial en aire acondicionado residencial y comercial ligero. Actualmente prohibido en equipos nuevos.,"Propiedades físicas excelentes, coste muy bajo históricamente.","Daña levemente la capa de ozono, alto potencial de calentamiento global."
R-410A,HFC,A1,2088,0,Phasing Down,-51.4,71.4,49,R-32 (Menor GWP en splits) o R-454B (Chillers de gran escala),POE,El refrigerante líder para sistemas de aire acondicionado residencial (split) e industrial ligero de las últimas dos décadas.,"Gran capacidad frigorífica, equipos compactos gracias a su alta densidad.","Presiones de trabajo un 50% superiores a R-22, alto GWP."
R-404A,HFC,A1,3922,0,Phasing Down,-46.5,72.1,37.3,R-448A / R-449A (HFO/HFC de bajo GWP) o R-744 (CO2 natural),POE,El caballo de batalla de la refrigeración de supermercados y transporte refrigerado. En rápido retroceso debido a regulaciones.,Rendimiento soberbio en congelados y temperaturas medias.,"GWP sumamente elevado (casi 4000), prohibido en la UE para nuevos sistemas grandes."
R-407C,HFC,A1,1774,0,Phasing Down,-43.8,86,46.3,R-32 o R-454B,POE,"Reemplazo de R-22 en aire acondicionado. Posee presiones similares, pero requiere cambio a aceite sintético.","Presión y capacidad casi idénticas a R-22, sin toxicidad ni inflamabilidad.","Deslizamiento térmico (glide) significativo de unos 5°C, lo que complica la recarga ante fugas."
R-507A,HFC,A1,3985,0,Phasing Down,-46.7,70.6,37.9,R-448A / R-449A,POE,"Equivalente azeotrópico de R-404A, preferido por algunos fabricantes de compresores debido a su nulo deslizamiento de temperatura.","Cero glide, excelente rendimiento térmico estable a bajas temperaturas.",GWP extremadamente alto.
R-32,HFC,A2L,675,0,Active,-51.7,78.1,57.8,R-454B o R-290 (Alternativas de menor GWP),POE,HFC puro de bajo GWP. Convertido en el refrigerante dominante en aire acondicionado split moderno en reemplazo de R-410A.,"GWP un 68% menor que R-410A, excelente coeficiente de transferencia de calor y menor volumen de carga.","Ligeramente inflamable (A2L), temperaturas de descarga muy altas en climas extremos."
R-407A,HFC,A1,2107,0,Phasing Down,-45,82,45,R-448A o R-449A,POE,Una alternativa para la reconversión de R-502 y R-22 en sistemas de refrigeración de supermercados.,Menor GWP que R-404A con buen rendimiento frigorífico.,Elevado glide térmico.
R-407F,HFC,A1,1825,0,Phasing Down,-46.1,82.6,47.6,R-448A,POE,Opción de readaptación directa de R-404A/R-507A que reduce el consumo eléctrico y las emisiones de carbono.,Reduce a la mitad el GWP del R-404A y ofrece excelente capacidad frigorífica.,Mayor temperatura de descarga del compresor.
R-422D,HFC,A1,2729,0,Phasing Down,-43,79.6,39,R-427A,Mineral/POE,"Reemplazo rápido tipo drop-in para enfriadores de agua (chillers) y aire acondicionado de R-22, compatible con aceites minerales.",Fácil sustitución de R-22 sin cambio de lubricante.,Capacidad frigorífica ligeramente inferior en bajas temperaturas.
R-427A,HFC,A1,2138,0,Active,-43,85.3,43.9,R-448A,Mineral/POE,"El sustituto drop-in de R-22 más versátil, apto para aire acondicionado y refrigeración de baja y media temperatura.","Excelente retorno de aceite mineral residual, comportamiento termodinámico balanceado.",Glide de 4.5°C.
R-448A,Blend,A1,1387,0,Active,-45.9,83.7,46.6,R-744 (CO2) o R-290 (Sustituto natural definitivo),POE,La mezcla ecológica de HFO/HFC de referencia comercial para sustituir al R-404A en supermercados nuevos e instalaciones existentes.,"Reducción del 65% en GWP comparado con R-404A, alta eficiencia energética.",Mayor deslizamiento de temperatura y temperatura de descarga que R-404A.
R-449A,Blend,A1,1397,0,Active,-46,83.1,44.5,R-744 (CO2) o R-290 (Sustituto natural definitivo),POE,"Equivalente comercial directo de R-448A fabricado por DuPont/Chemours, ampliamente aceptado en la cadena de frío mundial.","No inflamable, estable termodinámicamente, amigable con el medio ambiente.",Requiere válvulas de expansión ajustadas por el glide.
R-452A,Blend,A1,2140,0,Active,-47,74.9,40,R-454C,POE,"Reemplazo de R-404A optimizado especialmente para refrigeración de transporte (camiones, contenedores) y compresores semi-herméticos.","Mantiene baja la temperatura de descarga (muy similar al R-404A), protegiendo al motor.","GWP de 2140, superior al de R-448A/R-449A."
R-417A,HFC,A1,2346,0,Phasing Down,-39.1,86.9,40.4,R-427A,Mineral/POE,Primer reemplazo sin cloro comercializado para el aire acondicionado R-22 comercial clásico.,Funciona con aceites minerales clásicos sin modificaciones estructurales.,Pérdida de capacidad frigorífica de hasta un 15% en aplicaciones extremas.
R-422A,HFC,A1,3143,0,Phasing Down,-46.5,71.7,37.5,R-448A,Mineral/POE,Sustituto directo de R-502 y R-404A en equipos de congelamiento rápido comerciales de baja temperatura.,"Excelente retorno de aceite en bajas temperaturas, no inflamable.",Alto GWP residual.
R-438A,HFC,A1,2264,0,Active,-43,84.7,43.1,R-427A,Mineral/POE,El sustituto drop-in preferido por técnicos en Latinoamérica para reconvertir equipos de aire acondicionado de R-22 sin cambiar de aceite.,"Presiones casi idénticas, no inflamable, el más compatible con lubricantes clásicos.",Eficiencia marginalmente menor a R-22.
R-453A,HFC,A1,1765,0,Active,-42.2,87.2,43.6,R-427A,Mineral/POE,Alternativa de bajo impacto relativa diseñada para expandir los rangos de operación de chillers medianos.,"No daña el ozono, menor GWP que R-438A.",No ampliamente distribuido fuera de Europa.
R-502,Blend,A1,4657,0.25,Phased Out,-45.3,82.2,40.7,R-404A / R-507A,Mineral,Clásico compuesto de los años 80 para congelamiento rápido en supermercados. Prohibido formalmente por daño a la capa de ozono.,"Gran estabilidad, sin glide, baja temperatura de descarga.",Gran impacto al ozono y calentamiento global severo.
R-454B,Blend,A2L,466,0,Active,-50.9,77,52.8,R-290 (Propano natural),POE,Una de las alternativas clave a largo plazo para R-410A en grandes sistemas de aire acondicionado y chillers comerciales.,"Reducción de GWP en un 78%, eficiencia energética incrementada.",Ligeramente inflamable (A2L).
R-454C,Blend,A2L,148,0,Active,-45.6,85.7,42,R-290 (Propano natural),POE,Desarrollado para cumplir con la limitación de GWP < 150 de la Unión Europea para equipos comerciales de refrigeración medianos.,"Bajísima huella de carbono, seguro para cargas medianas en supermercados.","Ligeramente inflamable, glide moderado."
R-455A,Blend,A2L,148,0,Active,-52,85.6,46.5,R-290 o R-744,POE,Solución innovadora que incluye una pequeña proporción de CO2 para suprimir la inflamabilidad manteniendo un bajo GWP.,"Excelente capacidad a bajas temperaturas, GWP extremadamente bajo.","Deslizamiento térmico muy alto (alrededor de 12°C), de difícil manejo práctico."
R-458A,HFC,A1,1650,0,Active,-42,87,44,R-407C,POE,Una mezcla de transición con aplicaciones específicas en áreas marítimas y mineras.,"No inflamable, estable químicamente.",Limitada distribución comercial.
R-466A,Blend,A1,733,0,Active,-51.5,79.5,54,R-32 o R-454B,POE,El primer reemplazo no inflamable (A1) diseñado para sustituir directamente al R-410A en sistemas split residenciales.,Seguridad A1 de bajo GWP. Permite un diseño de equipo clásico.,Estabilidad química bajo sospecha debido al yoduro de trifluorometano (CF3I).
R-407B,HFC,A1,2800,0,Phasing Down,-46,75,40,R-448A,POE,Mezcla dirigida a sistemas de media/baja temperatura comerciales.,"No inflamable, sustitución directa aceptable para R-502.",Elevada huella ecológica de CO2 equivalente.
R-717,Natural,B2L,0,0,Active,-33.3,132.3,113.3,Ninguno (Fluido natural definitivo de máxima eficiencia),Mineral/Sintético,El refrigerante industrial más eficiente conocido. Utilizado en el 90% de las plantas de procesamiento de alimentos del mundo.,"Eficiencia termodinámica inigualable, coste cero del gas, nulo impacto ambiental (GWP=0, ODP=0).","Altamente tóxico y picante, corrosivo para el cobre (requiere tuberías de acero), ligeramente inflamable."
R-744,Natural,A1,1,0,Active,-78.4,31.1,73.8,Ninguno (Fluido natural definitivo de alto rendimiento),POE/PAG,El refrigerante natural que está revolucionando los supermercados e hipermercados modernos en sistemas transcritícos y cascadas industriales.,"Excelente capacidad de refrigeración por volumen, no inflamable, no tóxico, costo mínimo.","Presiones extremadamente altas (hasta 120 bar), temperatura crítica muy baja (31.1°C, requiere operación transcrita)."
R-123,HCFC,B1,77,0.02,Phased Out,27.6,183.7,36.6,R-1233zd (HFO de ultra bajo GWP),Mineral,Refrigerante de ultra-baja presión para chillers centrífugos industriales que acondicionan grandes edificios y distritos.,Altísima eficiencia termodinámica en bajas presiones de vapor.,"Posee toxicidad crónica leve (B1), sujeto a retiro por contener cloro."
R-124,HCFC,A1,609,0.02,Phased Out,-12,122.2,36.2,R-515B o R-1233zd,Alquilbenceno,Utilizado en aplicaciones industriales de temperaturas ambiente muy elevadas (ej. cabinas de grúas en acerías).,Presiones de descarga ultra-bajas a altas temperaturas exteriores.,"Contiene cloro, prohibido para nuevas instalaciones."
R-1233zd,HFO,A1,1,0.0003,Active,18.3,165.6,35.7,Ninguno (Es la HFO definitiva para chillers centrífugos de baja presión),POE,HFO no inflamable de ultra-bajo GWP diseñado especialmente como sustituto ecológico para chillers centrífugos de R-123.,"Seguro (A1), GWP de 1, excepcional rendimiento energético en baja presión.",Punto de ebullición por encima de la temperatura ambiente habitual (líquido a 1 atm).
R-1234ze,HFO,A2L,1,0,Active,-19,109.4,36.3,R-515B (no inflamable),POE,Gas HFO ecológico para chillers industriales de compresión por tornillo y bombas de calor industriales.,"Eficiencia estable, muy bajo GWP, excelente capacidad de alta temperatura.",Ligeramente inflamable a más de 30°C.
R-508B,Blend,A1,13396,0,Active,-87.4,14,39.3,R-170 (Etano natural),POE,"Utilizado para refrigeración de ultra-baja temperatura (criogenia, liofilización, almacenamiento de vacunas de -80°C).","Rendimiento óptimo a -80°C, no inflamable y de baja toxicidad.","GWP abismal de más de 13,000, sujeto a severo control ambiental."
R-23,HFC,A1,14800,0,Phasing Down,-82.1,25.9,48.4,R-508B o R-170,POE,Un HFC que se produce como subproducto no deseado y se emplea en sistemas criogénicos y de medicina científica.,Altas capacidades termodinámicas en frío extremo.,"Tiene la tasa GWP más alta registrada entre los gases refrigerantes de uso regular (14,800)."
R-503,Blend,A1,14560,0.6,Phased Out,-88,19.5,44,R-508B,Mineral,Compuesto clásico de temperatura ultra baja retirado por el Protocolo de Montreal.,Termodinámica inigualable en bajas temperaturas.,Extremadamente nocivo al ozono y atmósfera.
R-718,Natural,A1,0,0,Active,100,374,220.6,Ninguno (Agua - Fluido natural absoluto),Ninguno,El refrigerante natural supremo. Utilizado en chillers de absorción industriales que funcionan por calor residual.,"Totalmente ecológico, costo nulo, segura en toda circunstancia.","Solo utilizable por encima de los 0°C, requiere sistemas de vacío extremos."
R-729,Natural,A1,0,0,Active,-194.3,-140.5,37.7,Ninguno (Aire - Fluido natural absoluto),Ninguno,"Aire atmosférico comprimido y enfriado, empleado en ciclos criogénicos de gas e industria aeroespacial profunda.","Abundancia infinita, totalmente inocuo.",Muy bajo coeficiente de rendimiento (COP) para enfriamientos moderados comerciales.
R-1150,Natural,A3,4,0,Active,-103.7,9.2,50.4,R-170,Sintético,Hidrocarburo natural de muy baja temperatura útil en refinerías e industria petroquímica pesada.,Excelentes coeficientes de transferencia y baja viscosidad.,"Inflamabilidad severa, temperatura crítica muy baja (9.2°C)."
R-1270,Natural,A3,2,0,Active,-47.6,92.4,46.2,R-290,Mineral/Sintético,Alternativa de hidrocarburo de alta capacidad frigorífica en sistemas medianos industriales de refrigeración.,Mayor capacidad volumétrica que el propano R-290.,Inflamable A3.
R-170,Natural,A3,6,0,Active,-88.6,32.2,48.7,Ninguno (Es el hidrocarburo natural criogénico definitivo),Mineral,Hidrocarburo natural criogénico de gran uso en licuefacción y petroquímica en cascada con CO2 o propileno.,Gran eficiencia a -80°C y muy baja huella ecológica.,Altamente inflamable.
R-11,CFC,A1,4750,1,Phased Out,23.7,198,44.1,R-1233zd,Mineral,El refrigerante de gran escala pionero en los años 50 para chillers de edificios. Prohibido mundialmente.,"Muy baja presión, no inflamable.",Impacto altísimo al ozono y calentamiento global.
R-113,CFC,A1,6130,0.8,Phased Out,47.6,214.1,34.1,Fluidos fluorados inertes,Mineral,Utilizado históricamente como solvente industrial de limpieza y refrigerante de sistemas térmicos cerrados militares.,Estable bajo condiciones extremas.,Gran destructor del ozono estratosférico.
